task,shift_type,holdout,repeat,policy,epsilon,policy_constructed,calibration_coverage,calibration_ucb95,ood_coverage,ood_retained_mae,risk_violation,risk_breach,coverage_failure,operational_failure
log_kvrh,cluster,C1,0,geometry_descriptor_distance,0.15,True,1.0,0.1294044528204266,0.8018880124143282,0.2113303863838935,0.0613303863838935,True,False,True
log_kvrh,cluster,C1,0,geometry_rf_distance_hybrid,0.15,True,1.0,0.1308216646160448,0.962239751713436,0.22240295453061,0.07240295453061,True,False,True
log_kvrh,cluster,C1,0,geometry_rf_ensemble_std,0.15,True,1.0,0.1291835659644939,0.9972843657054185,0.2262777886056806,0.0762777886056806,True,False,True
log_kvrh,cluster,C1,1,geometry_descriptor_distance,0.15,True,1.0,0.1385613610426583,0.8206388206388207,0.2145127947382427,0.0645127947382427,True,False,True
log_kvrh,cluster,C1,1,geometry_rf_distance_hybrid,0.15,True,1.0,0.1391480146605334,0.966765808871072,0.2289339272512341,0.0789339272512341,True,False,True
log_kvrh,cluster,C1,1,geometry_rf_ensemble_std,0.15,True,1.0,0.1393052517821804,0.9997413681624208,0.2321428997459797,0.0821428997459797,True,False,True
log_kvrh,cluster,C1,2,geometry_descriptor_distance,0.15,True,1.0,0.1414756614420872,0.9784042415621363,0.211825929410876,0.061825929410876,True,False,True
log_kvrh,cluster,C1,2,geometry_rf_distance_hybrid,0.15,True,1.0,0.1437523865887858,0.9627570153885944,0.2111560552870629,0.0611560552870629,True,False,True
log_kvrh,cluster,C1,2,geometry_rf_ensemble_std,0.15,True,1.0,0.1426138898603572,1.0,0.2151925252429279,0.0651925252429279,True,False,True
log_kvrh,cluster,C1,3,geometry_descriptor_distance,0.15,True,1.0,0.1324700102412594,0.7956808483124272,0.1961302131219981,0.0461302131219981,True,False,True
log_kvrh,cluster,C1,3,geometry_rf_distance_hybrid,0.15,True,1.0,0.1324244842956801,0.9747833958360276,0.2132509315011964,0.0632509315011964,True,False,True
log_kvrh,cluster,C1,3,geometry_rf_ensemble_std,0.15,True,1.0,0.1346740605708936,0.9965084701926809,0.2132601582405389,0.0632601582405389,True,False,True
log_kvrh,cluster,C1,4,geometry_descriptor_distance,0.15,True,1.0,0.1454945525102747,0.8139143928617613,0.2093406307659003,0.0593406307659003,True,False,True
log_kvrh,cluster,C1,4,geometry_rf_distance_hybrid,0.15,True,1.0,0.1473203151918201,0.9758179231863442,0.2218279423759389,0.0718279423759389,True,False,True
log_kvrh,cluster,C1,4,geometry_rf_ensemble_std,0.15,True,1.0,0.1460841773204108,1.0,0.2264349888077171,0.0764349888077171,True,False,True
log_kvrh,cluster,C2,0,geometry_descriptor_distance,0.15,True,1.0,0.0906788057862787,1.0,0.1868931610250156,0.0368931610250156,True,False,True
log_kvrh,cluster,C2,0,geometry_rf_distance_hybrid,0.15,True,1.0,0.0907167438005233,0.9995393827729157,0.1868205410939987,0.0368205410939987,True,False,True
log_kvrh,cluster,C2,0,geometry_rf_ensemble_std,0.15,True,1.0,0.0906379719006176,1.0,0.1868931610250156,0.0368931610250156,True,False,True
log_kvrh,cluster,C2,1,geometry_descriptor_distance,0.15,True,1.0,0.0960758077783762,0.994011976047904,0.1892386462564843,0.0392386462564843,True,False,True
log_kvrh,cluster,C2,1,geometry_rf_distance_hybrid,0.15,True,1.0,0.0963187402735367,0.9972362966374942,0.1891351412979985,0.0391351412979985,True,False,True
log_kvrh,cluster,C2,1,geometry_rf_ensemble_std,0.15,True,1.0,0.0963675133102835,1.0,0.1892872303582878,0.0392872303582877,True,False,True
log_kvrh,cluster,C2,2,geometry_descriptor_distance,0.15,True,1.0,0.0976651950391195,1.0,0.1896069857201624,0.0396069857201624,True,False,True
log_kvrh,cluster,C2,2,geometry_rf_distance_hybrid,0.15,True,1.0,0.0983663020978679,0.99355135882082,0.1895239867140402,0.0395239867140402,True,False,True
log_kvrh,cluster,C2,2,geometry_rf_ensemble_std,0.15,True,1.0,0.0983640789867032,1.0,0.1896069857201624,0.0396069857201624,True,False,True
log_kvrh,cluster,C2,3,geometry_descriptor_distance,0.15,True,1.0,0.0956049355759598,1.0,0.187379254309443,0.037379254309443,True,False,True
log_kvrh,cluster,C2,3,geometry_rf_distance_hybrid,0.15,True,1.0,0.0951043384124465,0.968678028558268,0.1864548066077967,0.0364548066077967,True,False,True
log_kvrh,cluster,C2,3,geometry_rf_ensemble_std,0.15,True,1.0,0.0951628864804352,1.0,0.187379254309443,0.037379254309443,True,False,True
log_kvrh,cluster,C2,4,geometry_descriptor_distance,0.15,True,1.0,0.0953302074264352,0.9917088899124828,0.18312882869425,0.03312882869425,True,False,True
log_kvrh,cluster,C2,4,geometry_rf_distance_hybrid,0.15,True,1.0,0.0948307772911584,0.9760479041916168,0.1823542961256462,0.0323542961256461,True,False,True
log_kvrh,cluster,C2,4,geometry_rf_ensemble_std,0.15,True,1.0,0.0955433715566274,1.0,0.18273787712547,0.03273787712547,True,False,True
log_kvrh,cluster,C3,0,geometry_descriptor_distance,0.15,True,1.0,0.1026603269698677,0.99625,0.123558336581218,-0.0264416634187819,False,False,False
log_kvrh,cluster,C3,0,geometry_rf_distance_hybrid,0.15,True,1.0,0.1026591421567866,0.98625,0.1212940509351294,-0.0287059490648705,False,False,False
log_kvrh,cluster,C3,0,geometry_rf_ensemble_std,0.15,True,1.0,0.1025329040631447,1.0,0.1235645676907756,-0.0264354323092243,False,False,False
log_kvrh,cluster,C3,1,geometry_descriptor_distance,0.15,True,1.0,0.1002495715048071,0.9,0.1190014998796565,-0.0309985001203434,False,False,False
log_kvrh,cluster,C3,1,geometry_rf_distance_hybrid,0.15,True,1.0,0.100282995526734,0.975,0.1199604858406617,-0.0300395141593382,False,False,False
log_kvrh,cluster,C3,1,geometry_rf_ensemble_std,0.15,True,1.0,0.0994564511057268,1.0,0.1234870247979521,-0.0265129752020478,False,False,False
log_kvrh,cluster,C3,2,geometry_descriptor_distance,0.15,True,1.0,0.102505069193595,0.63125,0.1076556434259228,-0.0423443565740771,False,False,False
log_kvrh,cluster,C3,2,geometry_rf_distance_hybrid,0.15,True,1.0,0.1032520451232855,0.97375,0.120135618471249,-0.0298643815287509,False,False,False
log_kvrh,cluster,C3,2,geometry_rf_ensemble_std,0.15,True,1.0,0.1030727968973395,0.995,0.1231774664377518,-0.0268225335622481,False,False,False
log_kvrh,cluster,C3,3,geometry_descriptor_distance,0.15,True,1.0,0.1025576159096729,0.99375,0.1238554513866733,-0.0261445486133267,False,False,False
log_kvrh,cluster,C3,3,geometry_rf_distance_hybrid,0.15,True,1.0,0.101835732019649,0.98,0.1224491162133949,-0.027550883786605,False,False,False
log_kvrh,cluster,C3,3,geometry_rf_ensemble_std,0.15,True,1.0,0.1013661429402176,0.99875,0.1240490693545734,-0.0259509306454265,False,False,False
log_kvrh,cluster,C3,4,geometry_descriptor_distance,0.15,True,1.0,0.1045313241556668,0.86125,0.1188902608858865,-0.0311097391141134,False,False,False
log_kvrh,cluster,C3,4,geometry_rf_distance_hybrid,0.15,True,1.0,0.1053089549890058,0.97,0.1223985888246869,-0.027601411175313,False,False,False
log_kvrh,cluster,C3,4,geometry_rf_ensemble_std,0.15,True,1.0,0.1049259978936058,0.9975,0.1249257109477143,-0.0250742890522856,False,False,False
log_kvrh,element,Al,0,geometry_descriptor_distance,0.15,True,1.0,0.1062148570577721,1.0,0.0764009794400455,-0.0735990205599544,False,False,False
log_kvrh,element,Al,0,geometry_rf_distance_hybrid,0.15,True,1.0,0.1060761259923565,1.0,0.0764009794400455,-0.0735990205599544,False,False,False
log_kvrh,element,Al,0,geometry_rf_ensemble_std,0.15,True,1.0,0.1065322531472426,1.0,0.0764009794400455,-0.0735990205599544,False,False,False
log_kvrh,element,Al,1,geometry_descriptor_distance,0.15,True,1.0,0.1072765328017491,1.0,0.0759939708240614,-0.0740060291759385,False,False,False
log_kvrh,element,Al,1,geometry_rf_distance_hybrid,0.15,True,1.0,0.1064430740486968,1.0,0.0759939708240614,-0.0740060291759385,False,False,False
log_kvrh,element,Al,1,geometry_rf_ensemble_std,0.15,True,1.0,0.1070174732603205,1.0,0.0759939708240614,-0.0740060291759385,False,False,False
log_kvrh,element,Al,2,geometry_descriptor_distance,0.15,True,1.0,0.1082993369722421,1.0,0.0780476983401383,-0.0719523016598616,False,False,False
log_kvrh,element,Al,2,geometry_rf_distance_hybrid,0.15,True,1.0,0.1084557627637688,1.0,0.0780476983401383,-0.0719523016598616,False,False,False
log_kvrh,element,Al,2,geometry_rf_ensemble_std,0.15,True,1.0,0.1081950519845669,1.0,0.0780476983401383,-0.0719523016598616,False,False,False
log_kvrh,element,Al,3,geometry_descriptor_distance,0.15,True,1.0,0.1078234061986907,1.0,0.0763714465973272,-0.0736285534026727,False,False,False
log_kvrh,element,Al,3,geometry_rf_distance_hybrid,0.15,True,1.0,0.1065813649069488,1.0,0.0763714465973272,-0.0736285534026727,False,False,False
log_kvrh,element,Al,3,geometry_rf_ensemble_std,0.15,True,1.0,0.1077178784286749,0.996078431372549,0.0756010163877652,-0.0743989836122347,False,False,False
log_kvrh,element,Al,4,geometry_descriptor_distance,0.15,True,1.0,0.1033220714688911,1.0,0.0780345390338756,-0.0719654609661243,False,False,False
log_kvrh,element,Al,4,geometry_rf_distance_hybrid,0.15,True,1.0,0.1031643507035329,1.0,0.0780345390338756,-0.0719654609661243,False,False,False
log_kvrh,element,Al,4,geometry_rf_ensemble_std,0.15,True,1.0,0.1034811579802897,1.0,0.0780345390338756,-0.0719654609661243,False,False,False
log_kvrh,element,Cu,0,geometry_descriptor_distance,0.15,True,1.0,0.0987274169127986,1.0,0.1166782789462101,-0.0333217210537898,False,False,False
log_kvrh,element,Cu,0,geometry_rf_distance_hybrid,0.15,True,1.0,0.0995606879246211,1.0,0.1166782789462101,-0.0333217210537898,False,False,False
log_kvrh,element,Cu,0,geometry_rf_ensemble_std,0.15,True,1.0,0.0998740601945828,1.0,0.1166782789462101,-0.0333217210537898,False,False,False
log_kvrh,element,Cu,1,geometry_descriptor_distance,0.15,True,1.0,0.1049231063838519,1.0,0.1151727022655031,-0.0348272977344968,False,False,False
log_kvrh,element,Cu,1,geometry_rf_distance_hybrid,0.15,True,1.0,0.1045739636373072,1.0,0.1151727022655031,-0.0348272977344968,False,False,False
log_kvrh,element,Cu,1,geometry_rf_ensemble_std,0.15,True,1.0,0.104463019437571,1.0,0.1151727022655031,-0.0348272977344968,False,False,False
log_kvrh,element,Cu,2,geometry_descriptor_distance,0.15,True,1.0,0.1001638221674266,1.0,0.1151067074226009,-0.034893292577399,False,False,False
log_kvrh,element,Cu,2,geometry_rf_distance_hybrid,0.15,True,1.0,0.1002030817133843,1.0,0.1151067074226009,-0.034893292577399,False,False,False
log_kvrh,element,Cu,2,geometry_rf_ensemble_std,0.15,True,1.0,0.1005138369011788,1.0,0.1151067074226009,-0.034893292577399,False,False,False
log_kvrh,element,Cu,3,geometry_descriptor_distance,0.15,True,1.0,0.0986220342955199,1.0,0.1149534378346557,-0.0350465621653442,False,False,False
log_kvrh,element,Cu,3,geometry_rf_distance_hybrid,0.15,True,1.0,0.0980759142733039,1.0,0.1149534378346557,-0.0350465621653442,False,False,False
log_kvrh,element,Cu,3,geometry_rf_ensemble_std,0.15,True,1.0,0.0988232549261439,1.0,0.1149534378346557,-0.0350465621653442,False,False,False
log_kvrh,element,Cu,4,geometry_descriptor_distance,0.15,True,1.0,0.1041557435360059,1.0,0.1169514436115188,-0.0330485563884811,False,False,False
log_kvrh,element,Cu,4,geometry_rf_distance_hybrid,0.15,True,1.0,0.104110746043894,1.0,0.1169514436115188,-0.0330485563884811,False,False,False
log_kvrh,element,Cu,4,geometry_rf_ensemble_std,0.15,True,1.0,0.1041242568904901,1.0,0.1169514436115188,-0.0330485563884811,False,False,False
log_kvrh,element,Li,0,geometry_descriptor_distance,0.15,True,1.0,0.1068333987598571,1.0,0.2285336816329494,0.0785336816329494,True,False,True
log_kvrh,element,Li,0,geometry_rf_distance_hybrid,0.15,True,1.0,0.1069813040500165,1.0,0.2285336816329494,0.0785336816329494,True,False,True
log_kvrh,element,Li,0,geometry_rf_ensemble_std,0.15,True,1.0,0.1070051477972293,1.0,0.2285336816329494,0.0785336816329494,True,False,True
log_kvrh,element,Li,1,geometry_descriptor_distance,0.15,True,1.0,0.1000754602183813,1.0,0.2302278487555042,0.0802278487555042,True,False,True
log_kvrh,element,Li,1,geometry_rf_distance_hybrid,0.15,True,1.0,0.0992668768741449,1.0,0.2302278487555042,0.0802278487555042,True,False,True
log_kvrh,element,Li,1,geometry_rf_ensemble_std,0.15,True,1.0,0.0996575056673182,1.0,0.2302278487555042,0.0802278487555042,True,False,True
log_kvrh,element,Li,2,geometry_descriptor_distance,0.15,True,1.0,0.1102285011172258,1.0,0.2344959729362487,0.0844959729362487,True,False,True
log_kvrh,element,Li,2,geometry_rf_distance_hybrid,0.15,True,1.0,0.1093291344205685,1.0,0.2344959729362487,0.0844959729362487,True,False,True
log_kvrh,element,Li,2,geometry_rf_ensemble_std,0.15,True,1.0,0.1097000411194466,1.0,0.2344959729362487,0.0844959729362487,True,False,True
log_kvrh,element,Li,3,geometry_descriptor_distance,0.15,True,1.0,0.1023437410617034,1.0,0.2331045093637243,0.0831045093637243,True,False,True
log_kvrh,element,Li,3,geometry_rf_distance_hybrid,0.15,True,1.0,0.1024737413169285,1.0,0.2331045093637243,0.0831045093637243,True,False,True
log_kvrh,element,Li,3,geometry_rf_ensemble_std,0.15,True,1.0,0.1025757433165569,1.0,0.2331045093637243,0.0831045093637243,True,False,True
log_kvrh,element,Li,4,geometry_descriptor_distance,0.15,True,1.0,0.1124185250098608,1.0,0.2327665504595625,0.0827665504595625,True,False,True
log_kvrh,element,Li,4,geometry_rf_distance_hybrid,0.15,True,1.0,0.1129075727932078,1.0,0.2327665504595625,0.0827665504595625,True,False,True
log_kvrh,element,Li,4,geometry_rf_ensemble_std,0.15,True,1.0,0.1115299363419504,1.0,0.2327665504595625,0.0827665504595625,True,False,True
log_kvrh,element,Mg,0,geometry_descriptor_distance,0.15,True,1.0,0.1023593978458816,1.0,0.1304268776726743,-0.0195731223273256,False,False,False
log_kvrh,element,Mg,0,geometry_rf_distance_hybrid,0.15,True,1.0,0.1029271095004874,1.0,0.1304268776726743,-0.0195731223273256,False,False,False
log_kvrh,element,Mg,0,geometry_rf_ensemble_std,0.15,True,1.0,0.1027473561732417,1.0,0.1304268776726743,-0.0195731223273256,False,False,False
log_kvrh,element,Mg,1,geometry_descriptor_distance,0.15,True,1.0,0.1051575863103857,1.0,0.1301823008418285,-0.0198176991581714,False,False,False
log_kvrh,element,Mg,1,geometry_rf_distance_hybrid,0.15,True,1.0,0.105063382356102,1.0,0.1301823008418285,-0.0198176991581714,False,False,False
log_kvrh,element,Mg,1,geometry_rf_ensemble_std,0.15,True,1.0,0.105289378360765,1.0,0.1301823008418285,-0.0198176991581714,False,False,False
log_kvrh,element,Mg,2,geometry_descriptor_distance,0.15,True,1.0,0.1061316755896987,1.0,0.1313713839747806,-0.0186286160252193,False,False,False
log_kvrh,element,Mg,2,geometry_rf_distance_hybrid,0.15,True,1.0,0.1052849192552133,1.0,0.1313713839747806,-0.0186286160252193,False,False,False
log_kvrh,element,Mg,2,geometry_rf_ensemble_std,0.15,True,1.0,0.105579807202809,1.0,0.1313713839747806,-0.0186286160252193,False,False,False
log_kvrh,element,Mg,3,geometry_descriptor_distance,0.15,True,1.0,0.1085959902882823,1.0,0.1315138541122629,-0.018486145887737,False,False,False
log_kvrh,element,Mg,3,geometry_rf_distance_hybrid,0.15,True,1.0,0.1082257506487867,1.0,0.1315138541122629,-0.018486145887737,False,False,False
log_kvrh,element,Mg,3,geometry_rf_ensemble_std,0.15,True,1.0,0.1096428127251725,1.0,0.1315138541122629,-0.018486145887737,False,False,False
log_kvrh,element,Mg,4,geometry_descriptor_distance,0.15,True,1.0,0.1072224056191337,1.0,0.133601339468923,-0.0163986605310769,False,False,False
log_kvrh,element,Mg,4,geometry_rf_distance_hybrid,0.15,True,1.0,0.1080629803252864,1.0,0.133601339468923,-0.0163986605310769,False,False,False
log_kvrh,element,Mg,4,geometry_rf_ensemble_std,0.15,True,1.0,0.1083876305951652,1.0,0.133601339468923,-0.0163986605310769,False,False,False
log_kvrh,element,O,0,geometry_descriptor_distance,0.15,True,1.0,0.0920053444852336,1.0,0.190643746000571,0.040643746000571,True,False,True
log_kvrh,element,O,0,geometry_rf_distance_hybrid,0.15,True,1.0,0.09196155658636,1.0,0.190643746000571,0.040643746000571,True,False,True
log_kvrh,element,O,0,geometry_rf_ensemble_std,0.15,True,1.0,0.092249540340626,1.0,0.190643746000571,0.040643746000571,True,False,True
log_kvrh,element,O,1,geometry_descriptor_distance,0.15,True,1.0,0.0942482678469136,1.0,0.188547119380751,0.038547119380751,True,False,True
log_kvrh,element,O,1,geometry_rf_distance_hybrid,0.15,True,1.0,0.0953921358070017,1.0,0.188547119380751,0.038547119380751,True,False,True
log_kvrh,element,O,1,geometry_rf_ensemble_std,0.15,True,1.0,0.0942445283775108,1.0,0.188547119380751,0.038547119380751,True,False,True
log_kvrh,element,O,2,geometry_descriptor_distance,0.15,True,1.0,0.1012083016797458,1.0,0.1909638197108715,0.0409638197108715,True,False,True
log_kvrh,element,O,2,geometry_rf_distance_hybrid,0.15,True,1.0,0.101256083899546,1.0,0.1909638197108715,0.0409638197108715,True,False,True
log_kvrh,element,O,2,geometry_rf_ensemble_std,0.15,True,1.0,0.1025054670034429,1.0,0.1909638197108715,0.0409638197108715,True,False,True
log_kvrh,element,O,3,geometry_descriptor_distance,0.15,True,1.0,0.0989755742766482,1.0,0.1981470542544513,0.0481470542544513,True,False,True
log_kvrh,element,O,3,geometry_rf_distance_hybrid,0.15,True,1.0,0.0984403014988669,0.99953531598513,0.1982122394755952,0.0482122394755951,True,False,True
log_kvrh,element,O,3,geometry_rf_ensemble_std,0.15,True,1.0,0.0992804415328432,1.0,0.1981470542544513,0.0481470542544513,True,False,True
log_kvrh,element,O,4,geometry_descriptor_distance,0.15,True,1.0,0.0957114585637365,1.0,0.1914469214608202,0.0414469214608202,True,False,True
log_kvrh,element,O,4,geometry_rf_distance_hybrid,0.15,True,1.0,0.0964750833589432,0.99953531598513,0.1914018084783803,0.0414018084783803,True,False,True
log_kvrh,element,O,4,geometry_rf_ensemble_std,0.15,True,1.0,0.0963140900498769,1.0,0.1914469214608202,0.0414469214608202,True,False,True
log_kvrh,element,Si,0,geometry_descriptor_distance,0.15,True,1.0,0.1068589957404779,1.0,0.0843288313752018,-0.0656711686247981,False,False,False
log_kvrh,element,Si,0,geometry_rf_distance_hybrid,0.15,True,1.0,0.1079104133178171,1.0,0.0843288313752018,-0.0656711686247981,False,False,False
log_kvrh,element,Si,0,geometry_rf_ensemble_std,0.15,True,1.0,0.1075898225092123,1.0,0.0843288313752018,-0.0656711686247981,False,False,False
log_kvrh,element,Si,1,geometry_descriptor_distance,0.15,True,1.0,0.1089969719901772,1.0,0.0846789974135329,-0.065321002586467,False,False,False
log_kvrh,element,Si,1,geometry_rf_distance_hybrid,0.15,True,1.0,0.1088663826559667,1.0,0.0846789974135329,-0.065321002586467,False,False,False
log_kvrh,element,Si,1,geometry_rf_ensemble_std,0.15,True,1.0,0.1094309919378235,1.0,0.0846789974135329,-0.065321002586467,False,False,False
log_kvrh,element,Si,2,geometry_descriptor_distance,0.15,True,1.0,0.1086064889052697,1.0,0.0895817964351053,-0.0604182035648946,False,False,False
log_kvrh,element,Si,2,geometry_rf_distance_hybrid,0.15,True,1.0,0.1086625131384837,1.0,0.0895817964351053,-0.0604182035648946,False,False,False
log_kvrh,element,Si,2,geometry_rf_ensemble_std,0.15,True,1.0,0.1079400076014023,1.0,0.0895817964351053,-0.0604182035648946,False,False,False
log_kvrh,element,Si,3,geometry_descriptor_distance,0.15,True,1.0,0.1091817163537353,1.0,0.0840267680000094,-0.0659732319999906,False,False,False
log_kvrh,element,Si,3,geometry_rf_distance_hybrid,0.15,True,1.0,0.1095295860335166,1.0,0.0840267680000094,-0.0659732319999906,False,False,False
log_kvrh,element,Si,3,geometry_rf_ensemble_std,0.15,True,1.0,0.1097249437180045,1.0,0.0840267680000094,-0.0659732319999906,False,False,False
log_kvrh,element,Si,4,geometry_descriptor_distance,0.15,True,1.0,0.1057426121727998,1.0,0.0868231790863823,-0.0631768209136176,False,False,False
log_kvrh,element,Si,4,geometry_rf_distance_hybrid,0.15,True,1.0,0.1049576233881853,1.0,0.0868231790863823,-0.0631768209136176,False,False,False
log_kvrh,element,Si,4,geometry_rf_ensemble_std,0.15,True,1.0,0.1058846814072059,1.0,0.0868231790863823,-0.0631768209136176,False,False,False
