task,shift_type,holdout,repeat,policy_geometry,epsilon_geometry,policy_constructed_geometry,calibration_coverage_geometry,calibration_ucb95_geometry,ood_coverage_geometry,ood_retained_mae_geometry,risk_violation_geometry,risk_breach_geometry,coverage_failure_geometry,operational_failure_geometry,baseline_policy,seed,policy_composition,epsilon_composition,primary_tolerance,policy_constructed_composition,calibration_coverage_composition,calibration_ucb95_composition,ood_coverage_composition,ood_retained_mae_composition,risk_violation_composition,risk_breach_composition,coverage_failure_composition,operational_failure_composition,ood_spearman,ood_aurc,ood_excess_aurc,shift_median_distance,shift_p90_distance,fraction_beyond_train_p99,element_novelty_fraction,delta_policy_constructed,delta_ood_coverage,delta_ood_retained_mae,delta_risk_violation,delta_operational_failure
log_kvrh,cluster,C1,0,geometry_descriptor_distance,0.15,True,1.0,0.1294044528204266,0.8018880124143282,0.2113303863838935,0.0613303863838935,True,False,True,descriptor_distance,20260724,descriptor_distance,0.15,True,False,0.0,,0.0,,,,False,False,0.2604745809384439,0.3010138116275049,0.1345465422763954,9.118494362088745,14.723227999410796,0.3904047588258114,0.0,1.0,0.8018880124143282,,,1.0
log_kvrh,cluster,C1,0,geometry_rf_distance_hybrid,0.15,True,1.0,0.1308216646160448,0.962239751713436,0.22240295453061,0.07240295453061,True,False,True,rf_distance_hybrid,20260724,rf_distance_hybrid,0.15,True,True,0.8201320132013201,0.1497676571615549,0.1700504332083279,0.2281747740010189,0.0781747740010189,True,True,True,0.3586450033768159,0.2835059976073442,0.1170387282562346,9.118494362088745,14.723227999410796,0.3904047588258114,0.0,0.0,0.7921893185051081,-0.005771819470408918,-0.00577181947040889,0.0
log_kvrh,cluster,C1,0,geometry_rf_ensemble_std,0.15,True,1.0,0.1291835659644939,0.9972843657054185,0.2262777886056806,0.0762777886056806,True,False,True,rf_ensemble_std,20260724,rf_ensemble_std,0.15,True,True,0.8993399339933993,0.1472887325031682,0.6776154144575197,0.3236327008632538,0.1736327008632538,True,False,True,0.313907023029933,0.2946335121102594,0.1281662427591499,9.118494362088745,14.723227999410796,0.3904047588258114,0.0,0.0,0.31966895124789874,-0.0973549122575732,-0.0973549122575732,0.0
log_kvrh,cluster,C1,1,geometry_descriptor_distance,0.15,True,1.0,0.1385613610426583,0.8206388206388207,0.2145127947382427,0.0645127947382427,True,False,True,descriptor_distance,20260725,descriptor_distance,0.15,True,False,0.0,,0.0,,,,False,False,0.3056701169374287,0.296589581456733,0.1257386935494049,8.98622224667053,14.899079652236312,0.4478210267683952,0.0,1.0,0.8206388206388207,,,1.0
log_kvrh,cluster,C1,1,geometry_rf_distance_hybrid,0.15,True,1.0,0.1391480146605334,0.966765808871072,0.2289339272512341,0.0789339272512341,True,False,True,rf_distance_hybrid,20260725,rf_distance_hybrid,0.15,True,True,0.8198347107438017,0.1492670382191165,0.1444458812879865,0.2209472666974981,0.0709472666974981,True,True,True,0.3647173764692563,0.2835533797694294,0.1127024918621014,8.98622224667053,14.899079652236312,0.4478210267683952,0.0,0.0,0.8223199275830855,0.007986660553736008,0.007986660553736008,0.0
log_kvrh,cluster,C1,1,geometry_rf_ensemble_std,0.15,True,1.0,0.1393052517821804,0.9997413681624208,0.2321428997459797,0.0821428997459797,True,False,True,rf_ensemble_std,20260725,rf_ensemble_std,0.15,True,True,0.8793388429752066,0.1497259024425459,0.7822319927583086,0.334643527989534,0.184643527989534,True,False,True,0.2847661476039865,0.2978250755047397,0.1269741875974116,8.98622224667053,14.899079652236312,0.4478210267683952,0.0,0.0,0.2175093754041122,-0.1025006282435543,-0.10250062824355431,0.0
log_kvrh,cluster,C1,2,geometry_descriptor_distance,0.15,True,1.0,0.1414756614420872,0.9784042415621363,0.211825929410876,0.061825929410876,True,False,True,descriptor_distance,20260726,descriptor_distance,0.15,True,True,0.2604501607717042,0.1453430823074691,0.0007758955127376,0.2744007017786174,0.1244007017786174,True,True,True,0.2693359502624722,0.2715617111853711,0.1268409307823952,9.188378359738744,15.2390548911466,0.466442519074098,0.0,0.0,0.9776283460493987,-0.06257477236774142,-0.0625747723677414,0.0
log_kvrh,cluster,C1,2,geometry_rf_distance_hybrid,0.15,True,1.0,0.1437523865887858,0.9627570153885944,0.2111560552870629,0.0611560552870629,True,False,True,rf_distance_hybrid,20260726,rf_distance_hybrid,0.15,True,True,0.639871382636656,0.1483607617484797,0.0460364670890986,0.2018201640856511,0.0518201640856511,True,True,True,0.3439959693998413,0.2552370623043097,0.1105162819013338,9.188378359738744,15.2390548911466,0.466442519074098,0.0,0.0,0.9167205482994958,0.009335891201411817,0.009335891201411803,0.0
log_kvrh,cluster,C1,2,geometry_rf_ensemble_std,0.15,True,1.0,0.1426138898603572,1.0,0.2151925252429279,0.0651925252429279,True,False,True,rf_ensemble_std,20260726,rf_ensemble_std,0.15,True,True,0.819935691318328,0.1494439629181596,0.6968834863571706,0.2857482796440824,0.1357482796440824,True,False,True,0.2972390843179324,0.2642853466995375,0.1195645662965616,9.188378359738744,15.2390548911466,0.466442519074098,0.0,0.0,0.30311651364282943,-0.0705557544011545,-0.0705557544011545,0.0
log_kvrh,cluster,C1,3,geometry_descriptor_distance,0.15,True,1.0,0.1324700102412594,0.7956808483124272,0.1961302131219981,0.0461302131219981,True,False,True,descriptor_distance,20260727,descriptor_distance,0.15,True,False,0.0,,0.0,,,,False,False,0.2509069139907911,0.2368491430548477,0.1146120418139988,9.140138899660988,15.129746478179433,0.4066985645933014,0.0,1.0,0.7956808483124272,,,1.0
log_kvrh,cluster,C1,3,geometry_rf_distance_hybrid,0.15,True,1.0,0.1324244842956801,0.9747833958360276,0.2132509315011964,0.0632509315011964,True,False,True,rf_distance_hybrid,20260727,rf_distance_hybrid,0.15,True,True,0.7,0.1491107846694956,0.0726755463597568,0.1685520398827956,0.0185520398827956,True,True,True,0.3252889981020761,0.219353490095966,0.0971163888551171,9.140138899660988,15.129746478179433,0.4066985645933014,0.0,0.0,0.9021078494762708,0.04469889161840079,0.0446988916184008,0.0
log_kvrh,cluster,C1,3,geometry_rf_ensemble_std,0.15,True,1.0,0.1346740605708936,0.9965084701926809,0.2132601582405389,0.0632601582405389,True,False,True,rf_ensemble_std,20260727,rf_ensemble_std,0.15,True,True,0.919672131147541,0.1492629465763353,0.853743695848959,0.2598036711571529,0.1098036711571529,True,False,True,0.2914099495064896,0.2259868941331446,0.1037497928922957,9.140138899660988,15.129746478179433,0.4066985645933014,0.0,0.0,0.1427647743437218,-0.046543512916614016,-0.04654351291661399,0.0
log_kvrh,cluster,C1,4,geometry_descriptor_distance,0.15,True,1.0,0.1454945525102747,0.8139143928617613,0.2093406307659003,0.0593406307659003,True,False,True,descriptor_distance,20260728,descriptor_distance,0.15,True,False,0.0,,0.0,,,,False,False,0.2770661251532118,0.2542650501430771,0.1165659479259697,9.072471646462184,14.710472815708878,0.4198887883098409,0.0,1.0,0.8139143928617613,,,1.0
log_kvrh,cluster,C1,4,geometry_rf_distance_hybrid,0.15,True,1.0,0.1473203151918201,0.9758179231863442,0.2218279423759389,0.0718279423759389,True,False,True,rf_distance_hybrid,20260728,rf_distance_hybrid,0.15,True,True,0.7398753894080997,0.1496864628054736,0.1103064787275313,0.1945789895592983,0.0445789895592983,True,True,True,0.297607254842393,0.2486229452964351,0.1109238430793278,9.072471646462184,14.710472815708878,0.4198887883098409,0.0,0.0,0.8655114444588129,0.02724895281664058,0.027248952816640595,0.0
log_kvrh,cluster,C1,4,geometry_rf_ensemble_std,0.15,True,1.0,0.1460841773204108,1.0,0.2264349888077171,0.0764349888077171,True,False,True,rf_ensemble_std,20260728,rf_ensemble_std,0.15,True,True,0.8598130841121495,0.1471390547990921,0.7826199405146773,0.2885397400667333,0.1385397400667333,True,False,True,0.2368157777647823,0.2585263639044751,0.1208272616873677,9.072471646462184,14.710472815708878,0.4198887883098409,0.0,0.0,0.21738005948532269,-0.06210475125901618,-0.06210475125901621,0.0
log_kvrh,cluster,C2,0,geometry_descriptor_distance,0.15,True,1.0,0.0906788057862787,1.0,0.1868931610250156,0.0368931610250156,True,False,True,descriptor_distance,20260724,descriptor_distance,0.15,True,True,1.0,0.1046496199893328,1.0,0.2343066640174573,0.0843066640174573,True,False,True,0.0311424384554326,0.2401284358048837,0.1362687885866407,6.930513830452629,8.625504494035644,0.1321971441731921,0.0,0.0,0.0,-0.04741350299244171,-0.0474135029924417,0.0
log_kvrh,cluster,C2,0,geometry_rf_distance_hybrid,0.15,True,1.0,0.0907167438005233,0.9995393827729157,0.1868205410939987,0.0368205410939987,True,False,True,rf_distance_hybrid,20260724,rf_distance_hybrid,0.15,True,True,1.0,0.1043019236171992,0.9801934592353754,0.2333627787743496,0.0833627787743496,True,False,True,0.1085673836208683,0.2184555855236493,0.1145959383054063,6.930513830452629,8.625504494035644,0.1321971441731921,0.0,0.0,0.019345923537540277,-0.0465422376803509,-0.046542237680350894,0.0
log_kvrh,cluster,C2,0,geometry_rf_ensemble_std,0.15,True,1.0,0.0906379719006176,1.0,0.1868931610250156,0.0368931610250156,True,False,True,rf_ensemble_std,20260724,rf_ensemble_std,0.15,True,True,1.0,0.1057192311794992,1.0,0.2343066640174573,0.0843066640174573,True,False,True,0.1144739324931359,0.2127219141882931,0.10886226697005,6.930513830452629,8.625504494035644,0.1321971441731921,0.0,0.0,0.0,-0.04741350299244171,-0.0474135029924417,0.0
log_kvrh,cluster,C2,1,geometry_descriptor_distance,0.15,True,1.0,0.0960758077783762,0.994011976047904,0.1892386462564843,0.0392386462564843,True,False,True,descriptor_distance,20260725,descriptor_distance,0.15,True,True,1.0,0.1086073448578621,0.974666052510364,0.2273328885304703,0.0773328885304703,True,False,True,0.0677968806703311,0.2227328268144422,0.1325077277357783,7.099854397340094,8.780732794104383,0.220175034546292,0.0,0.0,0.019345923537540055,-0.038094242273986,-0.038094242273985994,0.0
log_kvrh,cluster,C2,1,geometry_rf_distance_hybrid,0.15,True,1.0,0.0963187402735367,0.9972362966374942,0.1891351412979985,0.0391351412979985,True,False,True,rf_distance_hybrid,20260725,rf_distance_hybrid,0.15,True,True,1.0,0.1087908251486298,0.9990787655458314,0.2266835992096162,0.0766835992096162,True,False,True,0.0246129893272957,0.2215585830647706,0.1313334839861067,7.099854397340094,8.780732794104383,0.220175034546292,0.0,0.0,-0.0018424689083371693,-0.037548457911617705,-0.037548457911617705,0.0
log_kvrh,cluster,C2,1,geometry_rf_ensemble_std,0.15,True,1.0,0.0963675133102835,1.0,0.1892872303582878,0.0392872303582877,True,False,True,rf_ensemble_std,20260725,rf_ensemble_std,0.15,True,True,1.0,0.1085884422588028,0.99677567941041,0.2258182960655375,0.0758182960655375,True,False,True,0.0258854026911605,0.2218188836922603,0.1315937846135964,7.099854397340094,8.780732794104383,0.220175034546292,0.0,0.0,0.0032243205895899907,-0.036531065707249705,-0.0365310657072498,0.0
log_kvrh,cluster,C2,2,geometry_descriptor_distance,0.15,True,1.0,0.0976651950391195,1.0,0.1896069857201624,0.0396069857201624,True,False,True,descriptor_distance,20260726,descriptor_distance,0.15,True,True,1.0,0.1094125522341225,1.0,0.2335342983988453,0.0835342983988453,True,False,True,0.0801017482572821,0.2310802422308266,0.1338521893618125,7.08666796520445,8.706935138134819,0.1851681252878857,0.0,0.0,0.0,-0.043927312678682884,-0.0439273126786829,0.0
log_kvrh,cluster,C2,2,geometry_rf_distance_hybrid,0.15,True,1.0,0.0983663020978679,0.99355135882082,0.1895239867140402,0.0395239867140402,True,False,True,rf_distance_hybrid,20260726,rf_distance_hybrid,0.15,True,True,1.0,0.1101629252890207,0.9677567941040996,0.232045544824118,0.082045544824118,True,False,True,0.1294561599048325,0.213236956938058,0.1160089040690439,7.08666796520445,8.706935138134819,0.1851681252878857,0.0,0.0,0.02579456471672037,-0.042521558110077795,-0.042521558110077795,0.0
log_kvrh,cluster,C2,2,geometry_rf_ensemble_std,0.15,True,1.0,0.0983640789867032,1.0,0.1896069857201624,0.0396069857201624,True,False,True,rf_ensemble_std,20260726,rf_ensemble_std,0.15,True,True,1.0,0.1102703052535444,0.9958544449562412,0.2335198897644209,0.0835198897644209,True,False,True,0.1371995601115013,0.2095348346655849,0.1123067817965709,7.08666796520445,8.706935138134819,0.1851681252878857,0.0,0.0,0.004145555043758797,-0.04391290404425849,-0.0439129040442585,0.0
log_kvrh,cluster,C2,3,geometry_descriptor_distance,0.15,True,1.0,0.0956049355759598,1.0,0.187379254309443,0.037379254309443,True,False,True,descriptor_distance,20260727,descriptor_distance,0.15,True,True,1.0,0.1123591789551008,1.0,0.2439397651420683,0.0939397651420683,True,False,True,0.1293436226898655,0.2362222184504301,0.1297020044589227,7.272235754387646,8.79595194237732,0.2146476278212805,0.0,0.0,0.0,-0.05656051083262531,-0.056560510832625296,0.0
log_kvrh,cluster,C2,3,geometry_rf_distance_hybrid,0.15,True,1.0,0.0951043384124465,0.968678028558268,0.1864548066077967,0.0364548066077967,True,False,True,rf_distance_hybrid,20260727,rf_distance_hybrid,0.15,True,True,1.0,0.1119674758840807,0.973284200829111,0.2409382402084112,0.0909382402084112,True,False,True,0.0110597451987504,0.2368165736706883,0.1302963596791809,7.272235754387646,8.79595194237732,0.2146476278212805,0.0,0.0,-0.004606172270843034,-0.0544834336006145,-0.05448343360061449,0.0
log_kvrh,cluster,C2,3,geometry_rf_ensemble_std,0.15,True,1.0,0.0951628864804352,1.0,0.187379254309443,0.037379254309443,True,False,True,rf_ensemble_std,20260727,rf_ensemble_std,0.15,True,True,1.0,0.111724488751245,0.9958544449562412,0.2434930744593234,0.0934930744593234,True,False,True,0.0070322231211494,0.2357041882248203,0.1291839742333129,7.272235754387646,8.79595194237732,0.2146476278212805,0.0,0.0,0.004145555043758797,-0.056113820149880395,-0.056113820149880395,0.0
log_kvrh,cluster,C2,4,geometry_descriptor_distance,0.15,True,1.0,0.0953302074264352,0.9917088899124828,0.18312882869425,0.03312882869425,True,False,True,descriptor_distance,20260728,descriptor_distance,0.15,True,True,1.0,0.1118094676734441,0.9898664210041456,0.2429186559958965,0.0929186559958964,True,False,True,0.0974528937634158,0.2404518670675873,0.1310863228293649,7.184284360046072,8.73909804719808,0.1989866421004145,0.0,0.0,0.0018424689083372803,-0.059789827301646475,-0.0597898273016464,0.0
log_kvrh,cluster,C2,4,geometry_rf_distance_hybrid,0.15,True,1.0,0.0948307772911584,0.9760479041916168,0.1823542961256462,0.0323542961256461,True,False,True,rf_distance_hybrid,20260728,rf_distance_hybrid,0.15,True,True,1.0,0.1119265727015209,0.9995393827729157,0.2434332442176848,0.0934332442176848,True,False,True,-0.0088096091150578,0.2382491937436608,0.1288836495054384,7.184284360046072,8.73909804719808,0.1989866421004145,0.0,0.0,-0.023491478581298852,-0.06107894809203862,-0.0610789480920387,0.0
log_kvrh,cluster,C2,4,geometry_rf_ensemble_std,0.15,True,1.0,0.0955433715566274,1.0,0.18273787712547,0.03273787712547,True,False,True,rf_ensemble_std,20260728,rf_ensemble_std,0.15,True,True,1.0,0.1119220597281622,0.9995393827729157,0.2434886941706105,0.0934886941706105,True,False,True,-0.0053211303051591,0.2373904023543527,0.1280248581161303,7.184284360046072,8.73909804719808,0.1989866421004145,0.0,0.0,0.0004606172270843478,-0.060750817045140515,-0.060750817045140494,0.0
log_kvrh,cluster,C3,0,geometry_descriptor_distance,0.15,True,1.0,0.1026603269698677,0.99625,0.123558336581218,-0.0264416634187819,False,False,False,descriptor_distance,20260724,descriptor_distance,0.15,True,True,1.0,0.1187463078230401,0.99625,0.2051188686453085,0.0551188686453085,True,False,True,0.1897204378028787,0.1668285331605478,0.099803222063338,9.581189467106862,20.85608964335676,0.63375,0.0,0.0,0.0,-0.08156053206409052,-0.0815605320640904,-1.0
log_kvrh,cluster,C3,0,geometry_rf_distance_hybrid,0.15,True,1.0,0.1026591421567866,0.98625,0.1212940509351294,-0.0287059490648705,False,False,False,rf_distance_hybrid,20260724,rf_distance_hybrid,0.15,True,True,1.0,0.1182807510292902,0.98,0.2030288209743543,0.0530288209743543,True,False,True,0.3708331239115787,0.1325854189270036,0.0655601078297938,9.581189467106862,20.85608964335676,0.63375,0.0,0.0,0.006249999999999978,-0.08173477003922489,-0.0817347700392248,-1.0
log_kvrh,cluster,C3,0,geometry_rf_ensemble_std,0.15,True,1.0,0.1025329040631447,1.0,0.1235645676907756,-0.0264354323092243,False,False,False,rf_ensemble_std,20260724,rf_ensemble_std,0.15,True,True,1.0,0.1191296449350182,1.0,0.2049924545662944,0.0549924545662944,True,False,True,0.3507182812475822,0.1359262968473736,0.0689009857501638,9.581189467106862,20.85608964335676,0.63375,0.0,0.0,0.0,-0.08142788687551879,-0.0814278868755187,-1.0
log_kvrh,cluster,C3,1,geometry_descriptor_distance,0.15,True,1.0,0.1002495715048071,0.9,0.1190014998796565,-0.0309985001203434,False,False,False,descriptor_distance,20260725,descriptor_distance,0.15,True,True,1.0,0.1192303313562639,0.90875,0.2076188520362201,0.0576188520362201,True,False,True,0.2371129051616997,0.1818529700248516,0.1061783128579198,9.816505591625504,23.67945149479618,0.67875,0.0,0.0,-0.008749999999999925,-0.0886173521565636,-0.0886173521565635,-1.0
log_kvrh,cluster,C3,1,geometry_rf_distance_hybrid,0.15,True,1.0,0.100282995526734,0.975,0.1199604858406617,-0.0300395141593382,False,False,False,rf_distance_hybrid,20260725,rf_distance_hybrid,0.15,True,True,1.0,0.119982593276283,0.99,0.2267952199544239,0.0767952199544239,True,False,True,0.3263444878630548,0.1776565071415118,0.1019818499745801,9.816505591625504,23.67945149479618,0.67875,0.0,0.0,-0.015000000000000013,-0.1068347341137622,-0.1068347341137621,-1.0
log_kvrh,cluster,C3,1,geometry_rf_ensemble_std,0.15,True,1.0,0.0994564511057268,1.0,0.1234870247979521,-0.0265129752020478,False,False,False,rf_ensemble_std,20260725,rf_ensemble_std,0.15,True,True,1.0,0.1198093403661924,1.0,0.2273232657444835,0.0773232657444835,True,False,True,0.2990768239181395,0.1798086680462547,0.104134010879323,9.816505591625504,23.67945149479618,0.67875,0.0,0.0,0.0,-0.1038362409465314,-0.10383624094653131,-1.0
log_kvrh,cluster,C3,2,geometry_descriptor_distance,0.15,True,1.0,0.102505069193595,0.63125,0.1076556434259228,-0.0423443565740771,False,False,False,descriptor_distance,20260726,descriptor_distance,0.15,True,True,1.0,0.1236185666395146,0.62625,0.1613558112754964,0.0113558112754964,True,False,True,0.1928786855650344,0.1686669760579383,0.100072861075618,10.074948520979264,21.928231302782383,0.645,0.0,0.0,0.0050000000000000044,-0.053700167849573585,-0.0537001678495735,-1.0
log_kvrh,cluster,C3,2,geometry_rf_distance_hybrid,0.15,True,1.0,0.1032520451232855,0.97375,0.120135618471249,-0.0298643815287509,False,False,False,rf_distance_hybrid,20260726,rf_distance_hybrid,0.15,True,True,1.0,0.1238503889733031,0.72125,0.1769164245972207,0.0269164245972207,True,False,True,0.3888457490436485,0.1343439702767214,0.0657498552944012,10.074948520979264,21.928231302782383,0.645,0.0,0.0,0.25250000000000006,-0.05678080612597171,-0.0567808061259716,-1.0
log_kvrh,cluster,C3,2,geometry_rf_ensemble_std,0.15,True,1.0,0.1030727968973395,0.995,0.1231774664377518,-0.0268225335622481,False,False,False,rf_ensemble_std,20260726,rf_ensemble_std,0.15,True,True,1.0,0.1243671073216279,1.0,0.1984104869256495,0.0484104869256495,True,False,True,0.3786687411715809,0.1359393175010885,0.0673452025187682,10.074948520979264,21.928231302782383,0.645,0.0,0.0,-0.0050000000000000044,-0.07523302048789769,-0.0752330204878976,-1.0
log_kvrh,cluster,C3,3,geometry_descriptor_distance,0.15,True,1.0,0.1025576159096729,0.99375,0.1238554513866733,-0.0261445486133267,False,False,False,descriptor_distance,20260727,descriptor_distance,0.15,True,True,1.0,0.1202274569390826,0.995,0.2007800197264553,0.0507800197264553,True,False,True,0.1933197515477169,0.1714248414506553,0.0987811897018328,9.71204495271537,21.587935962499447,0.6675,0.0,0.0,-0.0012499999999999734,-0.07692456833978199,-0.076924568339782,-1.0
log_kvrh,cluster,C3,3,geometry_rf_distance_hybrid,0.15,True,1.0,0.101835732019649,0.98,0.1224491162133949,-0.027550883786605,False,False,False,rf_distance_hybrid,20260727,rf_distance_hybrid,0.15,True,True,1.0,0.1203371378446267,0.72625,0.1796513741190261,0.0296513741190261,True,False,True,0.399842623838348,0.1461536881885054,0.0735100364396829,9.71204495271537,21.587935962499447,0.6675,0.0,0.0,0.25375000000000003,-0.0572022579056312,-0.057202257905631104,-1.0
log_kvrh,cluster,C3,3,geometry_rf_ensemble_std,0.15,True,1.0,0.1013661429402176,0.99875,0.1240490693545734,-0.0259509306454265,False,False,False,rf_ensemble_std,20260727,rf_ensemble_std,0.15,True,True,1.0,0.1198026699437998,0.99375,0.199942603251135,0.049942603251135,True,False,True,0.3999672202404277,0.1452390394395649,0.0725953876907424,9.71204495271537,21.587935962499447,0.6675,0.0,0.0,0.0050000000000000044,-0.0758935338965616,-0.0758935338965615,-1.0
log_kvrh,cluster,C3,4,geometry_descriptor_distance,0.15,True,1.0,0.1045313241556668,0.86125,0.1188902608858865,-0.0311097391141134,False,False,False,descriptor_distance,20260728,descriptor_distance,0.15,True,True,1.0,0.1239868084230351,0.86875,0.1855355767935163,0.0355355767935163,True,False,True,0.3143991441498462,0.1651291984216361,0.0897542913642666,10.41371960520286,26.57452575341681,0.6875,0.0,0.0,-0.007500000000000062,-0.06664531590762979,-0.0666453159076297,-1.0
log_kvrh,cluster,C3,4,geometry_rf_distance_hybrid,0.15,True,1.0,0.1053089549890058,0.97,0.1223985888246869,-0.027601411175313,False,False,False,rf_distance_hybrid,20260728,rf_distance_hybrid,0.15,True,True,1.0,0.1239639538632968,0.9875,0.2215557047989435,0.0715557047989435,True,False,True,0.3952071650841909,0.1531985600495847,0.0778236529922153,10.41371960520286,26.57452575341681,0.6875,0.0,0.0,-0.01750000000000007,-0.09915711597425658,-0.0991571159742565,-1.0
log_kvrh,cluster,C3,4,geometry_rf_ensemble_std,0.15,True,1.0,0.1049259978936058,0.9975,0.1249257109477143,-0.0250742890522856,False,False,False,rf_ensemble_std,20260728,rf_ensemble_std,0.15,True,True,1.0,0.124772465794085,1.0,0.2209816371479454,0.0709816371479454,True,False,True,0.3694213990975691,0.1567579492066081,0.0813830421492386,10.41371960520286,26.57452575341681,0.6875,0.0,0.0,-0.0024999999999999467,-0.09605592620023108,-0.09605592620023101,-1.0
log_kvrh,element,Al,0,geometry_descriptor_distance,0.15,True,1.0,0.1062148570577721,1.0,0.0764009794400455,-0.0735990205599544,False,False,False,descriptor_distance,20260724,descriptor_distance,0.15,True,True,1.0,0.1223469642546705,1.0,0.1019390633215366,-0.0480609366784633,False,False,False,0.0087519328672787,0.1112171372875315,0.0727888200912307,2.9237702108109023,4.222562467079066,0.0013071895424836,1.0,0.0,0.0,-0.025538083881491105,-0.025538083881491105,0.0
log_kvrh,element,Al,0,geometry_rf_distance_hybrid,0.15,True,1.0,0.1060761259923565,1.0,0.0764009794400455,-0.0735990205599544,False,False,False,rf_distance_hybrid,20260724,rf_distance_hybrid,0.15,True,True,1.0,0.1224089735171601,1.0,0.1019390633215366,-0.0480609366784633,False,False,False,0.1741847085393817,0.0877231326137931,0.0492948154174923,2.9237702108109023,4.222562467079066,0.0013071895424836,1.0,0.0,0.0,-0.025538083881491105,-0.025538083881491105,0.0
log_kvrh,element,Al,0,geometry_rf_ensemble_std,0.15,True,1.0,0.1065322531472426,1.0,0.0764009794400455,-0.0735990205599544,False,False,False,rf_ensemble_std,20260724,rf_ensemble_std,0.15,True,True,1.0,0.1218343837953903,1.0,0.1019390633215366,-0.0480609366784633,False,False,False,0.2054819838478749,0.0810673532104335,0.0426390360141327,2.9237702108109023,4.222562467079066,0.0013071895424836,1.0,0.0,0.0,-0.025538083881491105,-0.025538083881491105,0.0
log_kvrh,element,Al,1,geometry_descriptor_distance,0.15,True,1.0,0.1072765328017491,1.0,0.0759939708240614,-0.0740060291759385,False,False,False,descriptor_distance,20260725,descriptor_distance,0.15,True,True,1.0,0.1305864358160799,1.0,0.1035131509573012,-0.0464868490426987,False,False,False,0.0012751639562444,0.1131931626796276,0.0744030719428161,2.8946969373181983,4.268666611929965,0.0013071895424836,1.0,0.0,0.0,-0.0275191801332398,-0.0275191801332398,0.0
log_kvrh,element,Al,1,geometry_rf_distance_hybrid,0.15,True,1.0,0.1064430740486968,1.0,0.0759939708240614,-0.0740060291759385,False,False,False,rf_distance_hybrid,20260725,rf_distance_hybrid,0.15,True,True,1.0,0.1299879592268246,1.0,0.1035131509573012,-0.0464868490426987,False,False,False,0.1070039297469922,0.0969007684200833,0.0581106776832718,2.8946969373181983,4.268666611929965,0.0013071895424836,1.0,0.0,0.0,-0.0275191801332398,-0.0275191801332398,0.0
log_kvrh,element,Al,1,geometry_rf_ensemble_std,0.15,True,1.0,0.1070174732603205,1.0,0.0759939708240614,-0.0740060291759385,False,False,False,rf_ensemble_std,20260725,rf_ensemble_std,0.15,True,True,1.0,0.1295395265218026,1.0,0.1035131509573012,-0.0464868490426987,False,False,False,0.1157145997546406,0.0952837980001148,0.0564937072633032,2.8946969373181983,4.268666611929965,0.0013071895424836,1.0,0.0,0.0,-0.0275191801332398,-0.0275191801332398,0.0
log_kvrh,element,Al,2,geometry_descriptor_distance,0.15,True,1.0,0.1082993369722421,1.0,0.0780476983401383,-0.0719523016598616,False,False,False,descriptor_distance,20260726,descriptor_distance,0.15,True,True,1.0,0.1236727049363341,1.0,0.1019338993336744,-0.0480661006663255,False,False,False,0.0180738692277831,0.1109793275005145,0.0722948476277531,2.954890893709634,4.183360488698988,0.0013071895424836,1.0,0.0,0.0,-0.023886200993536097,-0.023886200993536104,0.0
log_kvrh,element,Al,2,geometry_rf_distance_hybrid,0.15,True,1.0,0.1084557627637688,1.0,0.0780476983401383,-0.0719523016598616,False,False,False,rf_distance_hybrid,20260726,rf_distance_hybrid,0.15,True,True,1.0,0.123548984989487,1.0,0.1019338993336744,-0.0480661006663255,False,False,False,0.1602162519372516,0.0879740470205459,0.0492895671477845,2.954890893709634,4.183360488698988,0.0013071895424836,1.0,0.0,0.0,-0.023886200993536097,-0.023886200993536104,0.0
log_kvrh,element,Al,2,geometry_rf_ensemble_std,0.15,True,1.0,0.1081950519845669,1.0,0.0780476983401383,-0.0719523016598616,False,False,False,rf_ensemble_std,20260726,rf_ensemble_std,0.15,True,True,1.0,0.1242171508947383,1.0,0.1019338993336744,-0.0480661006663255,False,False,False,0.1802379723657423,0.0849329524248804,0.046248472552119,2.954890893709634,4.183360488698988,0.0013071895424836,1.0,0.0,0.0,-0.023886200993536097,-0.023886200993536104,0.0
log_kvrh,element,Al,3,geometry_descriptor_distance,0.15,True,1.0,0.1078234061986907,1.0,0.0763714465973272,-0.0736285534026727,False,False,False,descriptor_distance,20260727,descriptor_distance,0.15,True,True,1.0,0.1208311180480811,1.0,0.1061521215451012,-0.0438478784548987,False,False,False,0.0256173172353837,0.1146481301352671,0.0742199457319632,2.9794274123744886,4.230375935180753,0.0013071895424836,1.0,0.0,0.0,-0.029780674947774005,-0.029780674947773998,0.0
log_kvrh,element,Al,3,geometry_rf_distance_hybrid,0.15,True,1.0,0.1065813649069488,1.0,0.0763714465973272,-0.0736285534026727,False,False,False,rf_distance_hybrid,20260727,rf_distance_hybrid,0.15,True,True,1.0,0.1212555749681439,1.0,0.1061521215451012,-0.0438478784548987,False,False,False,0.1656139102410778,0.0943755426764256,0.0539473582731216,2.9794274123744886,4.230375935180753,0.0013071895424836,1.0,0.0,0.0,-0.029780674947774005,-0.029780674947773998,0.0
log_kvrh,element,Al,3,geometry_rf_ensemble_std,0.15,True,1.0,0.1077178784286749,0.996078431372549,0.0756010163877652,-0.0743989836122347,False,False,False,rf_ensemble_std,20260727,rf_ensemble_std,0.15,True,True,1.0,0.120745662286564,1.0,0.1061521215451012,-0.0438478784548987,False,False,False,0.1616836356644343,0.0897150843615256,0.0492868999582217,2.9794274123744886,4.230375935180753,0.0013071895424836,1.0,0.0,-0.0039215686274509665,-0.030551105157336,-0.030551105157335993,0.0
log_kvrh,element,Al,4,geometry_descriptor_distance,0.15,True,1.0,0.1033220714688911,1.0,0.0780345390338756,-0.0719654609661243,False,False,False,descriptor_distance,20260728,descriptor_distance,0.15,True,True,1.0,0.1180763030979291,1.0,0.0993033848703867,-0.0506966151296132,False,False,False,-0.0217952618379607,0.1120039906854127,0.0740495600108803,2.9658655273353887,4.247142011897693,0.0013071895424836,1.0,0.0,0.0,-0.021268845836511105,-0.021268845836511098,0.0
log_kvrh,element,Al,4,geometry_rf_distance_hybrid,0.15,True,1.0,0.1031643507035329,1.0,0.0780345390338756,-0.0719654609661243,False,False,False,rf_distance_hybrid,20260728,rf_distance_hybrid,0.15,True,True,1.0,0.1178870709200347,1.0,0.0993033848703867,-0.0506966151296132,False,False,False,0.0979317340157044,0.0915620071825736,0.0536075765080412,2.9658655273353887,4.247142011897693,0.0013071895424836,1.0,0.0,0.0,-0.021268845836511105,-0.021268845836511098,0.0
log_kvrh,element,Al,4,geometry_rf_ensemble_std,0.15,True,1.0,0.1034811579802897,1.0,0.0780345390338756,-0.0719654609661243,False,False,False,rf_ensemble_std,20260728,rf_ensemble_std,0.15,True,True,1.0,0.1185817038529751,1.0,0.0993033848703867,-0.0506966151296132,False,False,False,0.1443516436970092,0.0860198366704348,0.0480654059959024,2.9658655273353887,4.247142011897693,0.0013071895424836,1.0,0.0,0.0,-0.021268845836511105,-0.021268845836511098,0.0
log_kvrh,element,Cu,0,geometry_descriptor_distance,0.15,True,1.0,0.0987274169127986,1.0,0.1166782789462101,-0.0333217210537898,False,False,False,descriptor_distance,20260724,descriptor_distance,0.15,True,True,1.0,0.1147951070724653,1.0,0.126200053334847,-0.0237999466651529,False,False,False,0.133923300868952,0.1223970183908926,0.073746572769838,2.8851604460573848,4.153895593210456,0.0042016806722689,1.0,0.0,0.0,-0.009521774388636883,-0.009521774388636897,0.0
log_kvrh,element,Cu,0,geometry_rf_distance_hybrid,0.15,True,1.0,0.0995606879246211,1.0,0.1166782789462101,-0.0333217210537898,False,False,False,rf_distance_hybrid,20260724,rf_distance_hybrid,0.15,True,True,1.0,0.1156902500721562,1.0,0.126200053334847,-0.0237999466651529,False,False,False,0.3477918113160159,0.0976740536206051,0.0490236079995504,2.8851604460573848,4.153895593210456,0.0042016806722689,1.0,0.0,0.0,-0.009521774388636883,-0.009521774388636897,0.0
log_kvrh,element,Cu,0,geometry_rf_ensemble_std,0.15,True,1.0,0.0998740601945828,1.0,0.1166782789462101,-0.0333217210537898,False,False,False,rf_ensemble_std,20260724,rf_ensemble_std,0.15,True,True,1.0,0.1149296891733195,0.9985994397759104,0.1263398094212379,-0.023660190578762,False,False,False,0.3697150971666884,0.0936885789674815,0.0450381333464268,2.8851604460573848,4.153895593210456,0.0042016806722689,1.0,0.0,0.0014005602240896309,-0.009661530475027796,-0.009661530475027796,0.0
log_kvrh,element,Cu,1,geometry_descriptor_distance,0.15,True,1.0,0.1049231063838519,1.0,0.1151727022655031,-0.0348272977344968,False,False,False,descriptor_distance,20260725,descriptor_distance,0.15,True,True,1.0,0.120847390559473,1.0,0.126693862594107,-0.0233061374058929,False,False,False,0.0999992771839492,0.1212133451740081,0.0726602717268025,2.849117934411443,4.194139312476925,0.0028011204481792,1.0,0.0,0.0,-0.01152116032860391,-0.011521160328603897,0.0
log_kvrh,element,Cu,1,geometry_rf_distance_hybrid,0.15,True,1.0,0.1045739636373072,1.0,0.1151727022655031,-0.0348272977344968,False,False,False,rf_distance_hybrid,20260725,rf_distance_hybrid,0.15,True,True,1.0,0.1210241894477139,1.0,0.126693862594107,-0.0233061374058929,False,False,False,0.2531403947775533,0.1010601127182899,0.0525070392710843,2.849117934411443,4.194139312476925,0.0028011204481792,1.0,0.0,0.0,-0.01152116032860391,-0.011521160328603897,0.0
log_kvrh,element,Cu,1,geometry_rf_ensemble_std,0.15,True,1.0,0.104463019437571,1.0,0.1151727022655031,-0.0348272977344968,False,False,False,rf_ensemble_std,20260725,rf_ensemble_std,0.15,True,True,1.0,0.1214521625484516,1.0,0.126693862594107,-0.0233061374058929,False,False,False,0.2791086846182217,0.1030839845741383,0.0545309111269327,2.849117934411443,4.194139312476925,0.0028011204481792,1.0,0.0,0.0,-0.01152116032860391,-0.011521160328603897,0.0
log_kvrh,element,Cu,2,geometry_descriptor_distance,0.15,True,1.0,0.1001638221674266,1.0,0.1151067074226009,-0.034893292577399,False,False,False,descriptor_distance,20260726,descriptor_distance,0.15,True,True,1.0,0.1180936661442283,1.0,0.1225745819923136,-0.0274254180076863,False,False,False,0.094157501289966,0.1202540473956963,0.073357926302955,2.864165744759819,4.156640157530717,0.0042016806722689,1.0,0.0,0.0,-0.007467874569712693,-0.0074678745697127034,0.0
log_kvrh,element,Cu,2,geometry_rf_distance_hybrid,0.15,True,1.0,0.1002030817133843,1.0,0.1151067074226009,-0.034893292577399,False,False,False,rf_distance_hybrid,20260726,rf_distance_hybrid,0.15,True,True,1.0,0.1171665624975429,1.0,0.1225745819923136,-0.0274254180076863,False,False,False,0.2619409241255119,0.0985075930822953,0.051611471989554,2.864165744759819,4.156640157530717,0.0042016806722689,1.0,0.0,0.0,-0.007467874569712693,-0.0074678745697127034,0.0
log_kvrh,element,Cu,2,geometry_rf_ensemble_std,0.15,True,1.0,0.1005138369011788,1.0,0.1151067074226009,-0.034893292577399,False,False,False,rf_ensemble_std,20260726,rf_ensemble_std,0.15,True,True,1.0,0.1175327346740931,1.0,0.1225745819923136,-0.0274254180076863,False,False,False,0.282642022196545,0.0968275104225438,0.0499313893298025,2.864165744759819,4.156640157530717,0.0042016806722689,1.0,0.0,0.0,-0.007467874569712693,-0.0074678745697127034,0.0
log_kvrh,element,Cu,3,geometry_descriptor_distance,0.15,True,1.0,0.0986220342955199,1.0,0.1149534378346557,-0.0350465621653442,False,False,False,descriptor_distance,20260727,descriptor_distance,0.15,True,True,1.0,0.1172367085331883,1.0,0.1193777917799664,-0.0306222082200335,False,False,False,0.0918650127201967,0.1171704941873993,0.0720553291305346,2.858835663556724,4.132429415842536,0.0014005602240896,1.0,0.0,0.0,-0.004424353945310697,-0.0044243539453107,0.0
log_kvrh,element,Cu,3,geometry_rf_distance_hybrid,0.15,True,1.0,0.0980759142733039,1.0,0.1149534378346557,-0.0350465621653442,False,False,False,rf_distance_hybrid,20260727,rf_distance_hybrid,0.15,True,True,1.0,0.117416058152659,1.0,0.1193777917799664,-0.0306222082200335,False,False,False,0.3870335070843911,0.0849384452608444,0.0398232802039797,2.858835663556724,4.132429415842536,0.0014005602240896,1.0,0.0,0.0,-0.004424353945310697,-0.0044243539453107,0.0
log_kvrh,element,Cu,3,geometry_rf_ensemble_std,0.15,True,1.0,0.0988232549261439,1.0,0.1149534378346557,-0.0350465621653442,False,False,False,rf_ensemble_std,20260727,rf_ensemble_std,0.15,True,True,1.0,0.117831438860117,1.0,0.1193777917799664,-0.0306222082200335,False,False,False,0.4396312115315582,0.0780119512023478,0.0328967861454831,2.858835663556724,4.132429415842536,0.0014005602240896,1.0,0.0,0.0,-0.004424353945310697,-0.0044243539453107,0.0
log_kvrh,element,Cu,4,geometry_descriptor_distance,0.15,True,1.0,0.1041557435360059,1.0,0.1169514436115188,-0.0330485563884811,False,False,False,descriptor_distance,20260728,descriptor_distance,0.15,True,True,1.0,0.1269312952055826,1.0,0.1242256182440459,-0.025774381755954,False,False,False,0.1189313557560172,0.119515908710525,0.0731137407496079,2.862483718157046,4.180032421383019,0.0014005602240896,1.0,0.0,0.0,-0.007274174632527108,-0.0072741746325271014,0.0
log_kvrh,element,Cu,4,geometry_rf_distance_hybrid,0.15,True,1.0,0.104110746043894,1.0,0.1169514436115188,-0.0330485563884811,False,False,False,rf_distance_hybrid,20260728,rf_distance_hybrid,0.15,True,True,1.0,0.127302878050279,1.0,0.1242256182440459,-0.025774381755954,False,False,False,0.2969531958911362,0.0958923320029819,0.0494901640420648,2.862483718157046,4.180032421383019,0.0014005602240896,1.0,0.0,0.0,-0.007274174632527108,-0.0072741746325271014,0.0
log_kvrh,element,Cu,4,geometry_rf_ensemble_std,0.15,True,1.0,0.1041242568904901,1.0,0.1169514436115188,-0.0330485563884811,False,False,False,rf_ensemble_std,20260728,rf_ensemble_std,0.15,True,True,1.0,0.1271599729426148,1.0,0.1242256182440459,-0.025774381755954,False,False,False,0.3211444440463999,0.0949278755207795,0.0485257075598624,2.862483718157046,4.180032421383019,0.0014005602240896,1.0,0.0,0.0,-0.007274174632527108,-0.0072741746325271014,0.0
log_kvrh,element,Li,0,geometry_descriptor_distance,0.15,True,1.0,0.1068333987598571,1.0,0.2285336816329494,0.0785336816329494,True,False,True,descriptor_distance,20260724,descriptor_distance,0.15,True,True,1.0,0.1199464516543929,1.0,0.1577344997239511,0.0077344997239511,True,False,True,0.2729301861859542,0.1313357201113534,0.0676692849400266,2.7193211968221545,4.247911964715583,0.0011198208286674,1.0,0.0,0.0,0.07079918190899831,0.0707991819089983,0.0
log_kvrh,element,Li,0,geometry_rf_distance_hybrid,0.15,True,1.0,0.1069813040500165,1.0,0.2285336816329494,0.0785336816329494,True,False,True,rf_distance_hybrid,20260724,rf_distance_hybrid,0.15,True,True,1.0,0.1196443170353955,1.0,0.1577344997239511,0.0077344997239511,True,False,True,0.2662686841374495,0.1237179118719152,0.0600514767005883,2.7193211968221545,4.247911964715583,0.0011198208286674,1.0,0.0,0.0,0.07079918190899831,0.0707991819089983,0.0
log_kvrh,element,Li,0,geometry_rf_ensemble_std,0.15,True,1.0,0.1070051477972293,1.0,0.2285336816329494,0.0785336816329494,True,False,True,rf_ensemble_std,20260724,rf_ensemble_std,0.15,True,True,1.0,0.1197736663938967,1.0,0.1577344997239511,0.0077344997239511,True,False,True,0.1339063579445336,0.1379239070106521,0.0742574718393252,2.7193211968221545,4.247911964715583,0.0011198208286674,1.0,0.0,0.0,0.07079918190899831,0.0707991819089983,0.0
log_kvrh,element,Li,1,geometry_descriptor_distance,0.15,True,1.0,0.1000754602183813,1.0,0.2302278487555042,0.0802278487555042,True,False,True,descriptor_distance,20260725,descriptor_distance,0.15,True,True,1.0,0.1200915584697933,1.0,0.1525925244937659,0.0025925244937659,True,False,True,0.2777205463413912,0.1271124318914913,0.0671757122452454,2.6599330644496373,4.133461020963477,0.0011198208286674,1.0,0.0,0.0,0.0776353242617383,0.0776353242617383,0.0
log_kvrh,element,Li,1,geometry_rf_distance_hybrid,0.15,True,1.0,0.0992668768741449,1.0,0.2302278487555042,0.0802278487555042,True,False,True,rf_distance_hybrid,20260725,rf_distance_hybrid,0.15,True,True,1.0,0.1196658573503438,1.0,0.1525925244937659,0.0025925244937659,True,False,True,0.236221244878246,0.1205362570349883,0.0605995373887424,2.6599330644496373,4.133461020963477,0.0011198208286674,1.0,0.0,0.0,0.0776353242617383,0.0776353242617383,0.0
log_kvrh,element,Li,1,geometry_rf_ensemble_std,0.15,True,1.0,0.0996575056673182,1.0,0.2302278487555042,0.0802278487555042,True,False,True,rf_ensemble_std,20260725,rf_ensemble_std,0.15,True,True,1.0,0.1197658148327101,1.0,0.1525925244937659,0.0025925244937659,True,False,True,0.0810640757804385,0.1334666827494511,0.0735299631032052,2.6599330644496373,4.133461020963477,0.0011198208286674,1.0,0.0,0.0,0.0776353242617383,0.0776353242617383,0.0
log_kvrh,element,Li,2,geometry_descriptor_distance,0.15,True,1.0,0.1102285011172258,1.0,0.2344959729362487,0.0844959729362487,True,False,True,descriptor_distance,20260726,descriptor_distance,0.15,True,True,1.0,0.1281571074318219,1.0,0.1527178921722044,0.0027178921722044,True,False,True,0.2854484105182273,0.1202032802388299,0.060666897301918,2.6896823669722694,4.169837135159317,0.0022396416573348,1.0,0.0,0.0,0.08177808076404428,0.0817780807640443,0.0
log_kvrh,element,Li,2,geometry_rf_distance_hybrid,0.15,True,1.0,0.1093291344205685,1.0,0.2344959729362487,0.0844959729362487,True,False,True,rf_distance_hybrid,20260726,rf_distance_hybrid,0.15,True,True,1.0,0.1280131953224285,1.0,0.1527178921722044,0.0027178921722044,True,False,True,0.2631898942026279,0.1172553530889455,0.0577189701520335,2.6896823669722694,4.169837135159317,0.0022396416573348,1.0,0.0,0.0,0.08177808076404428,0.0817780807640443,0.0
log_kvrh,element,Li,2,geometry_rf_ensemble_std,0.15,True,1.0,0.1097000411194466,1.0,0.2344959729362487,0.0844959729362487,True,False,True,rf_ensemble_std,20260726,rf_ensemble_std,0.15,True,True,1.0,0.1280584029541709,0.9988801791713324,0.1527911146879316,0.0027911146879316,True,False,True,0.1021646805174863,0.1327386829386532,0.0732023000017413,2.6896823669722694,4.169837135159317,0.0022396416573348,1.0,0.0,0.0011198208286675726,0.08170485824831708,0.08170485824831711,0.0
log_kvrh,element,Li,3,geometry_descriptor_distance,0.15,True,1.0,0.1023437410617034,1.0,0.2331045093637243,0.0831045093637243,True,False,True,descriptor_distance,20260727,descriptor_distance,0.15,True,True,1.0,0.1237262023774397,1.0,0.1494251426973713,-0.0005748573026286,False,False,False,0.24592299515117,0.1241321953272287,0.0651138266292321,2.7208219635069684,4.180473611492764,0.0011198208286674,1.0,0.0,0.0,0.08367936666635298,0.0836793666663529,1.0
log_kvrh,element,Li,3,geometry_rf_distance_hybrid,0.15,True,1.0,0.1024737413169285,1.0,0.2331045093637243,0.0831045093637243,True,False,True,rf_distance_hybrid,20260727,rf_distance_hybrid,0.15,True,True,1.0,0.1224525436557643,1.0,0.1494251426973713,-0.0005748573026286,False,False,False,0.2069865839156659,0.1204886054542801,0.0614702367562835,2.7208219635069684,4.180473611492764,0.0011198208286674,1.0,0.0,0.0,0.08367936666635298,0.0836793666663529,1.0
log_kvrh,element,Li,3,geometry_rf_ensemble_std,0.15,True,1.0,0.1025757433165569,1.0,0.2331045093637243,0.0831045093637243,True,False,True,rf_ensemble_std,20260727,rf_ensemble_std,0.15,True,True,1.0,0.123185309081433,1.0,0.1494251426973713,-0.0005748573026286,False,False,False,0.0718354583619098,0.1346151480353531,0.0755967793373564,2.7208219635069684,4.180473611492764,0.0011198208286674,1.0,0.0,0.0,0.08367936666635298,0.0836793666663529,1.0
log_kvrh,element,Li,4,geometry_descriptor_distance,0.15,True,1.0,0.1124185250098608,1.0,0.2327665504595625,0.0827665504595625,True,False,True,descriptor_distance,20260728,descriptor_distance,0.15,True,True,1.0,0.1283851591806741,1.0,0.1504208758978776,0.0004208758978776,True,False,True,0.2478016879724225,0.1284847198348207,0.069039454703935,2.677886673650724,4.169603900652519,0.0011198208286674,1.0,0.0,0.0,0.0823456745616849,0.08234567456168489,0.0
log_kvrh,element,Li,4,geometry_rf_distance_hybrid,0.15,True,1.0,0.1129075727932078,1.0,0.2327665504595625,0.0827665504595625,True,False,True,rf_distance_hybrid,20260728,rf_distance_hybrid,0.15,True,True,1.0,0.1278304824216945,1.0,0.1504208758978776,0.0004208758978776,True,False,True,0.2136031332510477,0.1219166582142242,0.0624713930833385,2.677886673650724,4.169603900652519,0.0011198208286674,1.0,0.0,0.0,0.0823456745616849,0.08234567456168489,0.0
log_kvrh,element,Li,4,geometry_rf_ensemble_std,0.15,True,1.0,0.1115299363419504,1.0,0.2327665504595625,0.0827665504595625,True,False,True,rf_ensemble_std,20260728,rf_ensemble_std,0.15,True,True,1.0,0.1292552788337498,1.0,0.1504208758978776,0.0004208758978776,True,False,True,0.0897438344638816,0.1324992916289663,0.0730540264980806,2.677886673650724,4.169603900652519,0.0011198208286674,1.0,0.0,0.0,0.0823456745616849,0.08234567456168489,0.0
log_kvrh,element,Mg,0,geometry_descriptor_distance,0.15,True,1.0,0.1023593978458816,1.0,0.1304268776726743,-0.0195731223273256,False,False,False,descriptor_distance,20260724,descriptor_distance,0.15,True,True,1.0,0.1203444591238057,1.0,0.1374100894995086,-0.0125899105004913,False,False,False,0.4033649537571321,0.1050490994969149,0.0485118700174323,3.015218758570334,4.377902110684806,0.0,1.0,0.0,0.0,-0.006983211826834285,-0.0069832118268342985,0.0
log_kvrh,element,Mg,0,geometry_rf_distance_hybrid,0.15,True,1.0,0.1029271095004874,1.0,0.1304268776726743,-0.0195731223273256,False,False,False,rf_distance_hybrid,20260724,rf_distance_hybrid,0.15,True,True,1.0,0.1205979292571518,1.0,0.1374100894995086,-0.0125899105004913,False,False,False,0.4116823740113935,0.0987739716020283,0.0422367421225456,3.015218758570334,4.377902110684806,0.0,1.0,0.0,0.0,-0.006983211826834285,-0.0069832118268342985,0.0
log_kvrh,element,Mg,0,geometry_rf_ensemble_std,0.15,True,1.0,0.1027473561732417,1.0,0.1304268776726743,-0.0195731223273256,False,False,False,rf_ensemble_std,20260724,rf_ensemble_std,0.15,True,True,1.0,0.1211723158105104,1.0,0.1374100894995086,-0.0125899105004913,False,False,False,0.1833796332822059,0.1173021949484809,0.0607649654689983,3.015218758570334,4.377902110684806,0.0,1.0,0.0,0.0,-0.006983211826834285,-0.0069832118268342985,0.0
log_kvrh,element,Mg,1,geometry_descriptor_distance,0.15,True,1.0,0.1051575863103857,1.0,0.1301823008418285,-0.0198176991581714,False,False,False,descriptor_distance,20260725,descriptor_distance,0.15,True,True,1.0,0.1212624024688929,1.0,0.1450526671577898,-0.0049473328422101,False,False,False,0.4237593248321093,0.1104325083315377,0.0501473810725819,3.0315495849612946,4.342496971298494,0.0,1.0,0.0,0.0,-0.014870366315961309,-0.014870366315961302,0.0
log_kvrh,element,Mg,1,geometry_rf_distance_hybrid,0.15,True,1.0,0.105063382356102,1.0,0.1301823008418285,-0.0198176991581714,False,False,False,rf_distance_hybrid,20260725,rf_distance_hybrid,0.15,True,True,1.0,0.1216657466933564,1.0,0.1450526671577898,-0.0049473328422101,False,False,False,0.5009476861717366,0.0976143019675986,0.0373291747086428,3.0315495849612946,4.342496971298494,0.0,1.0,0.0,0.0,-0.014870366315961309,-0.014870366315961302,0.0
log_kvrh,element,Mg,1,geometry_rf_ensemble_std,0.15,True,1.0,0.105289378360765,1.0,0.1301823008418285,-0.0198176991581714,False,False,False,rf_ensemble_std,20260725,rf_ensemble_std,0.15,True,True,1.0,0.1214775542034221,1.0,0.1450526671577898,-0.0049473328422101,False,False,False,0.3096603640739241,0.1114708646752584,0.0511857374163025,3.0315495849612946,4.342496971298494,0.0,1.0,0.0,0.0,-0.014870366315961309,-0.014870366315961302,0.0
log_kvrh,element,Mg,2,geometry_descriptor_distance,0.15,True,1.0,0.1061316755896987,1.0,0.1313713839747806,-0.0186286160252193,False,False,False,descriptor_distance,20260726,descriptor_distance,0.15,True,True,1.0,0.123437581044559,1.0,0.1445147068387672,-0.0054852931612327,False,False,False,0.378444215177268,0.1161143439523833,0.0562124265161125,2.9993408935394203,4.348115535668502,0.0,1.0,0.0,0.0,-0.01314332286398659,-0.0131433228639866,0.0
log_kvrh,element,Mg,2,geometry_rf_distance_hybrid,0.15,True,1.0,0.1052849192552133,1.0,0.1313713839747806,-0.0186286160252193,False,False,False,rf_distance_hybrid,20260726,rf_distance_hybrid,0.15,True,True,1.0,0.1233003134078607,1.0,0.1445147068387672,-0.0054852931612327,False,False,False,0.469790577693339,0.1002542225282375,0.0403523050919666,2.9993408935394203,4.348115535668502,0.0,1.0,0.0,0.0,-0.01314332286398659,-0.0131433228639866,0.0
log_kvrh,element,Mg,2,geometry_rf_ensemble_std,0.15,True,1.0,0.105579807202809,1.0,0.1313713839747806,-0.0186286160252193,False,False,False,rf_ensemble_std,20260726,rf_ensemble_std,0.15,True,True,1.0,0.1236093891312054,1.0,0.1445147068387672,-0.0054852931612327,False,False,False,0.3050687919651682,0.1130935181456425,0.0531916007093717,2.9993408935394203,4.348115535668502,0.0,1.0,0.0,0.0,-0.01314332286398659,-0.0131433228639866,0.0
log_kvrh,element,Mg,3,geometry_descriptor_distance,0.15,True,1.0,0.1085959902882823,1.0,0.1315138541122629,-0.018486145887737,False,False,False,descriptor_distance,20260727,descriptor_distance,0.15,True,True,1.0,0.1251883530205432,1.0,0.1356044858832928,-0.0143955141167071,False,False,False,0.3957883277321898,0.1046403762405725,0.0488074795211825,3.0142169882663348,4.373534100658089,0.0013927576601671,1.0,0.0,0.0,-0.00409063177102989,-0.0040906317710299005,0.0
log_kvrh,element,Mg,3,geometry_rf_distance_hybrid,0.15,True,1.0,0.1082257506487867,1.0,0.1315138541122629,-0.018486145887737,False,False,False,rf_distance_hybrid,20260727,rf_distance_hybrid,0.15,True,True,1.0,0.1254874203696839,1.0,0.1356044858832928,-0.0143955141167071,False,False,False,0.4453254890509953,0.0949067568822378,0.0390738601628478,3.0142169882663348,4.373534100658089,0.0013927576601671,1.0,0.0,0.0,-0.00409063177102989,-0.0040906317710299005,0.0
log_kvrh,element,Mg,3,geometry_rf_ensemble_std,0.15,True,1.0,0.1096428127251725,1.0,0.1315138541122629,-0.018486145887737,False,False,False,rf_ensemble_std,20260727,rf_ensemble_std,0.15,True,True,1.0,0.1241799767074374,1.0,0.1356044858832928,-0.0143955141167071,False,False,False,0.2222270779755281,0.1100114534697506,0.0541785567503607,3.0142169882663348,4.373534100658089,0.0013927576601671,1.0,0.0,0.0,-0.00409063177102989,-0.0040906317710299005,0.0
log_kvrh,element,Mg,4,geometry_descriptor_distance,0.15,True,1.0,0.1072224056191337,1.0,0.133601339468923,-0.0163986605310769,False,False,False,descriptor_distance,20260728,descriptor_distance,0.15,True,True,1.0,0.1198254037366731,1.0,0.1405205626244534,-0.0094794373755466,False,False,False,0.3673266496269305,0.1117939877481241,0.0526196758965357,3.0060508478986208,4.379153207889247,0.0,1.0,0.0,0.0,-0.006919223155530396,-0.006919223155530301,0.0
log_kvrh,element,Mg,4,geometry_rf_distance_hybrid,0.15,True,1.0,0.1080629803252864,1.0,0.133601339468923,-0.0163986605310769,False,False,False,rf_distance_hybrid,20260728,rf_distance_hybrid,0.15,True,True,1.0,0.1197918430541209,1.0,0.1405205626244534,-0.0094794373755466,False,False,False,0.4406138730879608,0.1018701148058305,0.0426958029542422,3.0060508478986208,4.379153207889247,0.0,1.0,0.0,0.0,-0.006919223155530396,-0.006919223155530301,0.0
log_kvrh,element,Mg,4,geometry_rf_ensemble_std,0.15,True,1.0,0.1083876305951652,1.0,0.133601339468923,-0.0163986605310769,False,False,False,rf_ensemble_std,20260728,rf_ensemble_std,0.15,True,True,1.0,0.1193270139718747,1.0,0.1405205626244534,-0.0094794373755466,False,False,False,0.2404238761297155,0.1136623274421552,0.0544880155905669,3.0060508478986208,4.379153207889247,0.0,1.0,0.0,0.0,-0.006919223155530396,-0.006919223155530301,0.0
log_kvrh,element,O,0,geometry_descriptor_distance,0.15,True,1.0,0.0920053444852336,1.0,0.190643746000571,0.040643746000571,True,False,True,descriptor_distance,20260724,descriptor_distance,0.15,True,True,1.0,0.1080702773726545,1.0,0.2433785370793197,0.0933785370793197,True,False,True,0.069471977214831,0.2318016117452457,0.1235204004517272,4.505839582799808,5.689906377591565,0.0046468401486988,1.0,0.0,0.0,-0.052734791078748705,-0.0527347910787487,0.0
log_kvrh,element,O,0,geometry_rf_distance_hybrid,0.15,True,1.0,0.09196155658636,1.0,0.190643746000571,0.040643746000571,True,False,True,rf_distance_hybrid,20260724,rf_distance_hybrid,0.15,True,True,1.0,0.107367862666191,0.9990706319702602,0.2432549623964972,0.0932549623964972,True,False,True,-0.0190940365569987,0.2366429541630062,0.1283617428694876,4.505839582799808,5.689906377591565,0.0046468401486988,1.0,0.0,0.0009293680297397522,-0.0526112163959262,-0.052611216395926204,0.0
log_kvrh,element,O,0,geometry_rf_ensemble_std,0.15,True,1.0,0.092249540340626,1.0,0.190643746000571,0.040643746000571,True,False,True,rf_ensemble_std,20260724,rf_ensemble_std,0.15,True,True,1.0,0.1075268490442281,1.0,0.2433785370793197,0.0933785370793197,True,False,True,-0.054583665149366,0.2428047739663861,0.1345235626728676,4.505839582799808,5.689906377591565,0.0046468401486988,1.0,0.0,0.0,-0.052734791078748705,-0.0527347910787487,0.0
log_kvrh,element,O,1,geometry_descriptor_distance,0.15,True,1.0,0.0942482678469136,1.0,0.188547119380751,0.038547119380751,True,False,True,descriptor_distance,20260725,descriptor_distance,0.15,True,True,1.0,0.1111943962446823,1.0,0.2473116492900789,0.0973116492900789,True,False,True,0.0821602843460937,0.2344916135305315,0.122613493987756,4.501329713262161,5.687679289303539,0.0027881040892193,1.0,0.0,0.0,-0.0587645299093279,-0.05876452990932791,0.0
log_kvrh,element,O,1,geometry_rf_distance_hybrid,0.15,True,1.0,0.0953921358070017,1.0,0.188547119380751,0.038547119380751,True,False,True,rf_distance_hybrid,20260725,rf_distance_hybrid,0.15,True,True,1.0,0.1110044116193623,0.99953531598513,0.2473405345499089,0.0973405345499089,True,False,True,-0.0295414873602784,0.2431420686206259,0.1312639490778505,4.501329713262161,5.687679289303539,0.0027881040892193,1.0,0.0,0.0004646840148699871,-0.0587934151691579,-0.058793415169157905,0.0
log_kvrh,element,O,1,geometry_rf_ensemble_std,0.15,True,1.0,0.0942445283775108,1.0,0.188547119380751,0.038547119380751,True,False,True,rf_ensemble_std,20260725,rf_ensemble_std,0.15,True,True,1.0,0.1113876379327198,1.0,0.2473116492900789,0.0973116492900789,True,False,True,-0.0821364783808139,0.2501929549116325,0.138314835368857,4.501329713262161,5.687679289303539,0.0027881040892193,1.0,0.0,0.0,-0.0587645299093279,-0.05876452990932791,0.0
log_kvrh,element,O,2,geometry_descriptor_distance,0.15,True,1.0,0.1012083016797458,1.0,0.1909638197108715,0.0409638197108715,True,False,True,descriptor_distance,20260726,descriptor_distance,0.15,True,True,1.0,0.1188364882132077,1.0,0.2463466251070996,0.0963466251070996,True,False,True,0.0565113634373913,0.2370882690213645,0.12383286190172,4.500564208355531,5.6706176769048176,0.0027881040892193,1.0,0.0,0.0,-0.055382805396228085,-0.0553828053962281,0.0
log_kvrh,element,O,2,geometry_rf_distance_hybrid,0.15,True,1.0,0.101256083899546,1.0,0.1909638197108715,0.0409638197108715,True,False,True,rf_distance_hybrid,20260726,rf_distance_hybrid,0.15,True,True,1.0,0.1199409258336073,1.0,0.2463466251070996,0.0963466251070996,True,False,True,0.046565665741571,0.2358648672148297,0.1226094600951852,4.500564208355531,5.6706176769048176,0.0027881040892193,1.0,0.0,0.0,-0.055382805396228085,-0.0553828053962281,0.0
log_kvrh,element,O,2,geometry_rf_ensemble_std,0.15,True,1.0,0.1025054670034429,1.0,0.1909638197108715,0.0409638197108715,True,False,True,rf_ensemble_std,20260726,rf_ensemble_std,0.15,True,True,1.0,0.1195233291672155,0.9976765799256504,0.2464506961055635,0.0964506961055635,True,False,True,0.0335858661577444,0.2412580770251479,0.1280026699055033,4.500564208355531,5.6706176769048176,0.0027881040892193,1.0,0.0,0.0023234200743496025,-0.05548687639469199,-0.055486876394692006,0.0
log_kvrh,element,O,3,geometry_descriptor_distance,0.15,True,1.0,0.0989755742766482,1.0,0.1981470542544513,0.0481470542544513,True,False,True,descriptor_distance,20260727,descriptor_distance,0.15,True,True,1.0,0.117794482467622,1.0,0.2497045888332607,0.0997045888332607,True,False,True,0.0800975654324945,0.2347210702291419,0.1215356554406481,4.497724927386342,5.668712674941655,0.0023234200743494,1.0,0.0,0.0,-0.05155753457880938,-0.05155753457880939,0.0
log_kvrh,element,O,3,geometry_rf_distance_hybrid,0.15,True,1.0,0.0984403014988669,0.99953531598513,0.1982122394755952,0.0482122394755951,True,False,True,rf_distance_hybrid,20260727,rf_distance_hybrid,0.15,True,True,1.0,0.1177305453572927,1.0,0.2497045888332607,0.0997045888332607,True,False,True,0.028362535383679,0.2401299069345399,0.1269444921460461,4.497724927386342,5.668712674941655,0.0023234200743494,1.0,0.0,-0.0004646840148699871,-0.0514923493576655,-0.05149234935766559,0.0
log_kvrh,element,O,3,geometry_rf_ensemble_std,0.15,True,1.0,0.0992804415328432,1.0,0.1981470542544513,0.0481470542544513,True,False,True,rf_ensemble_std,20260727,rf_ensemble_std,0.15,True,True,1.0,0.1184289880803289,0.9953531598513012,0.2494909035633909,0.0994909035633909,True,False,True,-0.0026609390580293,0.2485883337134396,0.1354029189249458,4.497724927386342,5.668712674941655,0.0023234200743494,1.0,0.0,0.004646840148698761,-0.05134384930893959,-0.05134384930893959,0.0
log_kvrh,element,O,4,geometry_descriptor_distance,0.15,True,1.0,0.0957114585637365,1.0,0.1914469214608202,0.0414469214608202,True,False,True,descriptor_distance,20260728,descriptor_distance,0.15,True,True,1.0,0.1166125037013153,1.0,0.2415563959443271,0.0915563959443271,True,False,True,0.0600879423120993,0.2313741021309224,0.123619771394645,4.507928308904189,5.674180063787372,0.0032527881040892,1.0,0.0,0.0,-0.05010947448350689,-0.0501094744835069,0.0
log_kvrh,element,O,4,geometry_rf_distance_hybrid,0.15,True,1.0,0.0964750833589432,0.99953531598513,0.1914018084783803,0.0414018084783803,True,False,True,rf_distance_hybrid,20260728,rf_distance_hybrid,0.15,True,True,1.0,0.1169521347794502,1.0,0.2415563959443271,0.0915563959443271,True,False,True,0.0201457877945342,0.2305570426430184,0.1228027119067409,4.507928308904189,5.674180063787372,0.0032527881040892,1.0,0.0,-0.0004646840148699871,-0.05015458746594681,-0.0501545874659468,0.0
log_kvrh,element,O,4,geometry_rf_ensemble_std,0.15,True,1.0,0.0963140900498769,1.0,0.1914469214608202,0.0414469214608202,True,False,True,rf_ensemble_std,20260728,rf_ensemble_std,0.15,True,True,1.0,0.116731231440099,1.0,0.2415563959443271,0.0915563959443271,True,False,True,-0.0166738801090911,0.23276381530531,0.1250094845690326,4.507928308904189,5.674180063787372,0.0032527881040892,1.0,0.0,0.0,-0.05010947448350689,-0.0501094744835069,0.0
log_kvrh,element,Si,0,geometry_descriptor_distance,0.15,True,1.0,0.1068589957404779,1.0,0.0843288313752018,-0.0656711686247981,False,False,False,descriptor_distance,20260724,descriptor_distance,0.15,True,True,1.0,0.125721024107516,1.0,0.1141177666346218,-0.0358822333653782,False,False,False,0.0511562896499604,0.1162116767874278,0.0686186766847324,3.109681512540539,4.6786402806300895,0.0026666666666666,1.0,0.0,0.0,-0.029788935259420002,-0.029788935259419905,0.0
log_kvrh,element,Si,0,geometry_rf_distance_hybrid,0.15,True,1.0,0.1079104133178171,1.0,0.0843288313752018,-0.0656711686247981,False,False,False,rf_distance_hybrid,20260724,rf_distance_hybrid,0.15,True,True,1.0,0.1265687535308131,1.0,0.1141177666346218,-0.0358822333653782,False,False,False,0.1386933496289642,0.1164790754650849,0.0688860753623895,3.109681512540539,4.6786402806300895,0.0026666666666666,1.0,0.0,0.0,-0.029788935259420002,-0.029788935259419905,0.0
log_kvrh,element,Si,0,geometry_rf_ensemble_std,0.15,True,1.0,0.1075898225092123,1.0,0.0843288313752018,-0.0656711686247981,False,False,False,rf_ensemble_std,20260724,rf_ensemble_std,0.15,True,True,1.0,0.1265814481715037,1.0,0.1141177666346218,-0.0358822333653782,False,False,False,0.1302012419630023,0.1213046358450788,0.0737116357423834,3.109681512540539,4.6786402806300895,0.0026666666666666,1.0,0.0,0.0,-0.029788935259420002,-0.029788935259419905,0.0
log_kvrh,element,Si,1,geometry_descriptor_distance,0.15,True,1.0,0.1089969719901772,1.0,0.0846789974135329,-0.065321002586467,False,False,False,descriptor_distance,20260725,descriptor_distance,0.15,True,True,1.0,0.1312661338761642,1.0,0.1147054344888147,-0.0352945655111852,False,False,False,-0.0017929938157819,0.120426455660319,0.073086457685336,3.095891121189609,4.66127209996398,0.0013333333333333,1.0,0.0,0.0,-0.03002643707528181,-0.030026437075281805,0.0
log_kvrh,element,Si,1,geometry_rf_distance_hybrid,0.15,True,1.0,0.1088663826559667,1.0,0.0846789974135329,-0.065321002586467,False,False,False,rf_distance_hybrid,20260725,rf_distance_hybrid,0.15,True,True,1.0,0.1317726680298712,1.0,0.1147054344888147,-0.0352945655111852,False,False,False,0.1416879964849636,0.0999645122352689,0.0526245142602858,3.095891121189609,4.66127209996398,0.0013333333333333,1.0,0.0,0.0,-0.03002643707528181,-0.030026437075281805,0.0
log_kvrh,element,Si,1,geometry_rf_ensemble_std,0.15,True,1.0,0.1094309919378235,1.0,0.0846789974135329,-0.065321002586467,False,False,False,rf_ensemble_std,20260725,rf_ensemble_std,0.15,True,True,1.0,0.1308014719715621,1.0,0.1147054344888147,-0.0352945655111852,False,False,False,0.1824665492784283,0.0951264379073017,0.0477864399323187,3.095891121189609,4.66127209996398,0.0013333333333333,1.0,0.0,0.0,-0.03002643707528181,-0.030026437075281805,0.0
log_kvrh,element,Si,2,geometry_descriptor_distance,0.15,True,1.0,0.1086064889052697,1.0,0.0895817964351053,-0.0604182035648946,False,False,False,descriptor_distance,20260726,descriptor_distance,0.15,True,True,1.0,0.1254852499681772,1.0,0.1112014069322417,-0.0387985930677582,False,False,False,0.0658615539493097,0.110348647547941,0.0650157454945339,3.113855065367844,4.737077356286177,0.0026666666666666,1.0,0.0,0.0,-0.0216196104971364,-0.0216196104971364,0.0
log_kvrh,element,Si,2,geometry_rf_distance_hybrid,0.15,True,1.0,0.1086625131384837,1.0,0.0895817964351053,-0.0604182035648946,False,False,False,rf_distance_hybrid,20260726,rf_distance_hybrid,0.15,True,True,1.0,0.1250685789742951,1.0,0.1112014069322417,-0.0387985930677582,False,False,False,0.1740127186538384,0.0958825844342358,0.0505496823808287,3.113855065367844,4.737077356286177,0.0026666666666666,1.0,0.0,0.0,-0.0216196104971364,-0.0216196104971364,0.0
log_kvrh,element,Si,2,geometry_rf_ensemble_std,0.15,True,1.0,0.1079400076014023,1.0,0.0895817964351053,-0.0604182035648946,False,False,False,rf_ensemble_std,20260726,rf_ensemble_std,0.15,True,True,1.0,0.1252498716732801,1.0,0.1112014069322417,-0.0387985930677582,False,False,False,0.1710766231931806,0.0919786679787613,0.0466457659253542,3.113855065367844,4.737077356286177,0.0026666666666666,1.0,0.0,0.0,-0.0216196104971364,-0.0216196104971364,0.0
log_kvrh,element,Si,3,geometry_descriptor_distance,0.15,True,1.0,0.1091817163537353,1.0,0.0840267680000094,-0.0659732319999906,False,False,False,descriptor_distance,20260727,descriptor_distance,0.15,True,True,1.0,0.1227885708253141,1.0,0.1109286677334691,-0.0390713322665308,False,False,False,0.0465277682423371,0.1130301129669185,0.0673306762959048,3.0969316283230555,4.699479080284758,0.0026666666666666,1.0,0.0,0.0,-0.026901899733459703,-0.0269018997334598,0.0
log_kvrh,element,Si,3,geometry_rf_distance_hybrid,0.15,True,1.0,0.1095295860335166,1.0,0.0840267680000094,-0.0659732319999906,False,False,False,rf_distance_hybrid,20260727,rf_distance_hybrid,0.15,True,True,1.0,0.1212982621739914,1.0,0.1109286677334691,-0.0390713322665308,False,False,False,0.145496362650403,0.0946906853851487,0.0489912487141351,3.0969316283230555,4.699479080284758,0.0026666666666666,1.0,0.0,0.0,-0.026901899733459703,-0.0269018997334598,0.0
log_kvrh,element,Si,3,geometry_rf_ensemble_std,0.15,True,1.0,0.1097249437180045,1.0,0.0840267680000094,-0.0659732319999906,False,False,False,rf_ensemble_std,20260727,rf_ensemble_std,0.15,True,True,1.0,0.1225775418091968,1.0,0.1109286677334691,-0.0390713322665308,False,False,False,0.1379203108707367,0.1010159584696997,0.055316521798686,3.0969316283230555,4.699479080284758,0.0026666666666666,1.0,0.0,0.0,-0.026901899733459703,-0.0269018997334598,0.0
log_kvrh,element,Si,4,geometry_descriptor_distance,0.15,True,1.0,0.1057426121727998,1.0,0.0868231790863823,-0.0631768209136176,False,False,False,descriptor_distance,20260728,descriptor_distance,0.15,True,True,1.0,0.1231994872065842,1.0,0.112150697772626,-0.0378493022273739,False,False,False,0.0972539395519946,0.11015406864618,0.0623289240806216,3.1355154767189664,4.729268394277037,0.0,1.0,0.0,0.0,-0.025327518686243694,-0.025327518686243708,0.0
log_kvrh,element,Si,4,geometry_rf_distance_hybrid,0.15,True,1.0,0.1049576233881853,1.0,0.0868231790863823,-0.0631768209136176,False,False,False,rf_distance_hybrid,20260728,rf_distance_hybrid,0.15,True,True,1.0,0.1236598941448357,1.0,0.112150697772626,-0.0378493022273739,False,False,False,0.1870860041924399,0.093994348028161,0.0461692034626026,3.1355154767189664,4.729268394277037,0.0,1.0,0.0,0.0,-0.025327518686243694,-0.025327518686243708,0.0
log_kvrh,element,Si,4,geometry_rf_ensemble_std,0.15,True,1.0,0.1058846814072059,1.0,0.0868231790863823,-0.0631768209136176,False,False,False,rf_ensemble_std,20260728,rf_ensemble_std,0.15,True,True,1.0,0.1235522544274445,1.0,0.112150697772626,-0.0378493022273739,False,False,False,0.1632485151042235,0.0920158838862002,0.0441907393206417,3.1355154767189664,4.729268394277037,0.0,1.0,0.0,0.0,-0.025327518686243694,-0.025327518686243708,0.0
