task,holdout_family,repeat,seed,split_hash,policy,epsilon,n_train,n_calibration,n_ood,policy_constructed,threshold,calibration_coverage,calibration_mae,calibration_mae_ucb95,ood_mae_all,ood_coverage,ood_retained_mae,risk_violation,ood_spearman,calibration_aurc,ood_aurc
expt_gap,chalcogenide,0,20260724,31bb5a7b5243bd63,ensemble_std,0.5,2548,637,1419,True,0.7911430742836737,0.9591836734693877,0.44337619485390534,0.4887595648802359,0.7818111467510123,0.9971811134601832,0.7817415034720254,0.2817415034720254,0.16305003176593091,0.1261185632592893,0.7323028243321679
expt_gap,chalcogenide,0,20260724,31bb5a7b5243bd63,descriptor_distance,0.5,2548,637,1419,False,,0.0,,,0.7818111467510123,0.0,,,-0.06017384054885879,0.5667756756736021,0.7420127357211018
expt_gap,chalcogenide,0,20260724,31bb5a7b5243bd63,equal_rank_hybrid,0.5,2548,637,1419,True,0.7660910518053375,0.9199372056514914,0.43832604313964,0.48721477520038897,0.7818111467510123,0.3382663847780127,0.781768975765843,0.28176897576584303,0.11141583908560829,0.24222507733919593,0.7148335539616653
expt_gap,chalcogenide,1,20260725,31bb5a7b5243bd63,ensemble_std,0.5,2548,637,1419,True,0.6033560459943733,0.9199372056514914,0.44628988384904156,0.4949810782932575,0.8195574395888242,0.9844961240310077,0.8215890190885927,0.3215890190885927,-0.05209389275268795,0.16585285634265107,0.859425742527504
expt_gap,chalcogenide,1,20260725,31bb5a7b5243bd63,descriptor_distance,0.5,2548,637,1419,False,,0.0,,,0.8195574395888242,0.0,,,-9.167237383455364e-05,0.6166596588700235,0.7784226646791614
expt_gap,chalcogenide,1,20260725,31bb5a7b5243bd63,equal_rank_hybrid,0.5,2548,637,1419,True,0.6828885400313971,0.858712715855573,0.42814377964050426,0.4876298740258659,0.8195574395888242,0.15785764622973925,0.7656290857290309,0.2656290857290309,-0.025909498319503635,0.3010144291343756,0.7991261475308042
expt_gap,chalcogenide,2,20260726,31bb5a7b5243bd63,ensemble_std,0.5,2548,637,1419,True,0.8241772716894028,0.9591836734693877,0.4333728266083248,0.4904836397520742,0.8090259539153746,0.9978858350951374,0.8102425483699605,0.31024254836996046,0.1300961507300286,0.13253073259763792,0.7369788393332568
expt_gap,chalcogenide,2,20260726,31bb5a7b5243bd63,descriptor_distance,0.5,2548,637,1419,False,,0.0,,,0.8090259539153746,0.0,,,-0.0015767287669596498,0.5236918711682127,0.7598520848853272
expt_gap,chalcogenide,2,20260726,31bb5a7b5243bd63,equal_rank_hybrid,0.5,2548,637,1419,True,0.8202511773940346,0.9591836734693877,0.43789392819860756,0.49555799245166954,0.8090259539153746,0.5503875968992248,0.8099129205842507,0.3099129205842507,0.06261195928471798,0.23616216895082282,0.7307270816651754
expt_gap,chalcogenide,3,20260727,31bb5a7b5243bd63,ensemble_std,0.5,2548,637,1419,True,1.6635579649606727,1.0,0.43664481908409747,0.48802944788669433,0.8165644912834105,1.0,0.8165644912834105,0.31656449128341047,0.12907633255514311,0.12038182740978093,0.7495995713932195
expt_gap,chalcogenide,3,20260727,31bb5a7b5243bd63,descriptor_distance,0.5,2548,637,1419,True,9.852217123539003,1.0,0.43664481908409747,0.4900558029340366,0.8165644912834105,0.8731501057082452,0.8224625894460096,0.3224625894460096,-0.028030459063791344,0.5518217231461411,0.7800231923793248
expt_gap,chalcogenide,3,20260727,31bb5a7b5243bd63,equal_rank_hybrid,0.5,2548,637,1419,True,0.9701726844583987,1.0,0.43664481908409736,0.48682090228531627,0.8165644912834105,0.9978858350951374,0.8162827371534217,0.3162827371534217,0.056663562559139,0.23582892634386265,0.7432659423515351
expt_gap,chalcogenide,4,20260728,31bb5a7b5243bd63,ensemble_std,0.5,2548,637,1419,True,0.7584438013486372,0.9387755102040817,0.43574538510080335,0.4883741851146655,0.8007474181559063,1.0,0.8007474181559063,0.30074741815590633,0.06451926518458437,0.13470531141440714,0.765900725766822
expt_gap,chalcogenide,4,20260728,31bb5a7b5243bd63,descriptor_distance,0.5,2548,637,1419,False,,0.0,,,0.8007474181559063,0.0,,,0.004198841825425368,0.6311007193812235,0.7476141140966989
expt_gap,chalcogenide,4,20260728,31bb5a7b5243bd63,equal_rank_hybrid,0.5,2548,637,1419,True,0.6985871271585558,0.8791208791208791,0.4342389254606706,0.48886295296608584,0.8007474181559063,0.17829457364341086,0.7593042583203213,0.25930425832032133,0.04105542488788182,0.2755519677609676,0.7598180786951432
expt_gap,chalcogenide,5,20260729,31bb5a7b5243bd63,ensemble_std,0.5,2548,637,1419,True,1.3351812883246723,0.9795918367346939,0.45134204399218575,0.49585704743581943,0.8478880020370526,0.9985905567300916,0.8462941563338324,0.3462941563338324,-0.17055641638161934,0.12898141300609828,0.9340809859758077
expt_gap,chalcogenide,5,20260729,31bb5a7b5243bd63,descriptor_distance,0.5,2548,637,1419,False,,0.0,,,0.8478880020370526,0.0,,,-0.029666181524603735,0.6048337333018321,0.8007781111511076
expt_gap,chalcogenide,5,20260729,31bb5a7b5243bd63,equal_rank_hybrid,0.5,2548,637,1419,True,0.7056514913657771,0.8791208791208791,0.4276739892709984,0.4832404415593973,0.8478880020370526,0.23960535588442566,0.8580033048357069,0.35800330483570686,-0.09869244264545406,0.2489074939874542,0.8339160472934568
expt_gap,chalcogenide,6,20260730,31bb5a7b5243bd63,ensemble_std,0.5,2548,637,1419,True,0.7524870489117323,0.9591836734693877,0.4298746140104248,0.47353814783326953,0.8408850591479721,0.9992952783650458,0.8405185373866754,0.34051853738667537,-0.18906691336649664,0.13684532254866488,0.9898135851159973
expt_gap,chalcogenide,6,20260730,31bb5a7b5243bd63,descriptor_distance,0.5,2548,637,1419,False,,0.0,,,0.8408850591479721,0.0,,,-0.015496216958779603,0.5462616951002708,0.7877344143950031
expt_gap,chalcogenide,6,20260730,31bb5a7b5243bd63,equal_rank_hybrid,0.5,2548,637,1419,True,0.8171114599686028,0.9591836734693877,0.44334583094759744,0.4987507283738891,0.8408850591479721,0.5968992248062015,0.938753369482381,0.438753369482381,-0.0934195589116699,0.25082714977768267,0.8392893284603683
expt_gap,chalcogenide,7,20260731,31bb5a7b5243bd63,ensemble_std,0.5,2548,637,1419,True,1.070142254370752,0.9795918367346939,0.4459291398809205,0.4919633349990699,0.8136084437456472,0.9992952783650458,0.8137211161193345,0.3137211161193345,-0.010861203974403212,0.12772695440735204,0.7881741122168963
expt_gap,chalcogenide,7,20260731,31bb5a7b5243bd63,descriptor_distance,0.5,2548,637,1419,False,,0.0,,,0.8136084437456472,0.0,,,-0.08813932364269231,0.5741665509322043,0.7927660304424878
expt_gap,chalcogenide,7,20260731,31bb5a7b5243bd63,equal_rank_hybrid,0.5,2548,637,1419,True,0.8076923076923077,0.9591836734693877,0.4479643821612231,0.49351709012160716,0.8136084437456472,0.37914023960535587,0.8586748957348118,0.3586748957348118,-0.07991732699264263,0.2463832056585743,0.7886754455618509
expt_gap,chalcogenide,8,20260732,31bb5a7b5243bd63,ensemble_std,0.5,2548,637,1419,True,2.2317147753310147,1.0,0.4433125333782837,0.49683210223399465,0.819308096864665,1.0,0.819308096864665,0.319308096864665,-0.05307807347127897,0.10230106365158763,0.827928081163923
expt_gap,chalcogenide,8,20260732,31bb5a7b5243bd63,descriptor_distance,0.5,2548,637,1419,True,10.478686525626262,1.0,0.4433125333782837,0.4963761315814301,0.819308096864665,0.9119097956307258,0.8284033963796936,0.3284033963796936,-0.025391672468607594,0.48971089788640654,0.77984769076861
expt_gap,chalcogenide,8,20260732,31bb5a7b5243bd63,equal_rank_hybrid,0.5,2548,637,1419,True,0.9866562009419152,1.0,0.4433125333782837,0.49498776487468893,0.819308096864665,1.0,0.819308096864665,0.319308096864665,-0.01809827981003678,0.18840397467832792,0.7853747114228125
expt_gap,chalcogenide,9,20260733,31bb5a7b5243bd63,ensemble_std,0.5,2548,637,1419,True,0.856297821393661,0.9591836734693877,0.42063950258168065,0.48080221293152714,0.8276460166174392,0.9887244538407329,0.8329943272053864,0.33299432720538635,-0.2185707638232924,0.11575752556300697,0.9348413137305935
expt_gap,chalcogenide,9,20260733,31bb5a7b5243bd63,descriptor_distance,0.5,2548,637,1419,False,,0.0,,,0.8276460166174392,0.0,,,-0.026489109443836496,0.536163945847842,0.786311018485478
expt_gap,chalcogenide,9,20260733,31bb5a7b5243bd63,equal_rank_hybrid,0.5,2548,637,1419,True,0.8218210361067504,0.9591836734693877,0.43591943987786724,0.4902230289230638,0.8276460166174392,0.5560253699788583,0.912401389018974,0.41240138901897405,-0.134709296914113,0.2147017716191918,0.8400162232113279
expt_gap,other,0,20260724,88308b5e12cdd818,ensemble_std,0.5,2569,643,1392,True,0.3887803584017499,0.7589424572317263,0.45769748018049894,0.49660520707609895,0.8539540935423036,0.5502873563218391,0.5914890888628886,0.09148908886288865,0.6246364915831525,0.3630934539162499,0.5294904380552036
expt_gap,other,0,20260724,88308b5e12cdd818,descriptor_distance,0.5,2569,643,1392,True,1.4617381909361424,0.2192846034214619,0.4194869104501205,0.48798210911820583,0.8539540935423036,0.0,,,-0.02636089185272333,0.5490034774650443,0.8635173834437426
expt_gap,other,0,20260724,88308b5e12cdd818,equal_rank_hybrid,0.5,2569,643,1392,True,0.5769828926905132,0.6189735614307932,0.45075585757812864,0.4918237086189183,0.8539540935423036,0.09410919540229885,0.18783954854941498,-0.312160451450585,0.6026844888916598,0.4050258382711136,0.5462323508675575
expt_gap,other,1,20260725,88308b5e12cdd818,ensemble_std,0.5,2570,642,1392,True,0.34490547077605155,0.6993769470404985,0.44934979371519346,0.4933557201209391,0.9191730447780253,0.4640804597701149,0.6154877900891024,0.11548779008910237,0.5565308226858389,0.3716862707197708,0.6171904964587803
expt_gap,other,1,20260725,88308b5e12cdd818,descriptor_distance,0.5,2570,642,1392,True,1.994191441374609,0.2803738317757009,0.4354258260785786,0.4988100321161374,0.9191730447780253,0.0,,,-0.0893494679523355,0.5109452065841649,0.951681565455464
expt_gap,other,1,20260725,88308b5e12cdd818,equal_rank_hybrid,0.5,2570,642,1392,True,0.6121495327102804,0.6588785046728972,0.4457670795009297,0.4929427022391302,0.9191730447780253,0.11997126436781609,0.4612110243797791,-0.03878897562022088,0.5419568446389221,0.3792426117537156,0.6361167661472934
expt_gap,other,2,20260726,88308b5e12cdd818,ensemble_std,0.5,2570,642,1392,True,0.35590572599352494,0.719626168224299,0.4417199601444916,0.48504009085983646,0.8641762188296973,0.5804597701149425,0.6013089821594373,0.10130898215943729,0.645580367905654,0.35495748921030645,0.5014175119441495
expt_gap,other,2,20260726,88308b5e12cdd818,descriptor_distance,0.5,2570,642,1392,True,1.3589915482085304,0.20093457943925233,0.421951923870243,0.49481851138884186,0.8641762188296973,0.0,,,-0.05221652079045385,0.5454369937412257,0.8793978297689324
expt_gap,other,2,20260726,88308b5e12cdd818,equal_rank_hybrid,0.5,2570,642,1392,True,0.6113707165109035,0.6993769470404985,0.4537219584570664,0.49991210842779915,0.8641762188296973,0.11350574712643678,0.16517308054928437,-0.33482691945071563,0.6278681550906418,0.37459410407596744,0.5137263242606018
expt_gap,other,3,20260727,88308b5e12cdd818,ensemble_std,0.5,2569,643,1392,True,0.3085629925243563,0.6796267496111975,0.43839566587643264,0.4891787880898137,0.993257889042481,0.5064655172413793,0.6724076339340328,0.1724076339340328,0.593948761097661,0.3847433633886849,0.6280319948486232
expt_gap,other,3,20260727,88308b5e12cdd818,descriptor_distance,0.5,2569,643,1392,False,,0.0,,,0.993257889042481,0.0,,,0.013657183805044638,0.5169367031764407,0.9569237511947595
expt_gap,other,3,20260727,88308b5e12cdd818,equal_rank_hybrid,0.5,2569,643,1392,True,0.5435458786936236,0.5800933125972006,0.43140044574802955,0.48183102689265767,0.993257889042481,0.05675287356321839,0.18571250944818193,-0.31428749055181804,0.5792060637330703,0.3850831722612909,0.6374112311532278
expt_gap,other,4,20260728,88308b5e12cdd818,ensemble_std,0.5,2570,642,1392,True,0.3536574141883299,0.7398753894080997,0.45370282525703576,0.4933229577976136,0.932257886909136,0.7126436781609196,0.7095584380108739,0.20955843801087393,0.587240641568922,0.3544831965235814,0.5968901872765564
expt_gap,other,4,20260728,88308b5e12cdd818,descriptor_distance,0.5,2570,642,1392,True,2.043893498899983,0.31931464174454827,0.4335132714749732,0.4883831738879847,0.932257886909136,0.0,,,-0.1032497310406767,0.5065711260185712,0.9660304280587492
expt_gap,other,4,20260728,88308b5e12cdd818,equal_rank_hybrid,0.5,2570,642,1392,True,0.5926791277258567,0.6588785046728972,0.45281703667792506,0.4914244662577305,0.932257886909136,0.10632183908045977,0.37639352120419217,-0.12360647879580783,0.5715426480884462,0.37205130040085876,0.6253855305091701
expt_gap,other,5,20260729,88308b5e12cdd818,ensemble_std,0.5,2569,643,1392,True,0.32621865885060664,0.7200622083981337,0.4450916684201608,0.48860357847809754,0.9493561343933746,0.5639367816091954,0.6106653621430347,0.11066536214303468,0.6270537222706342,0.34655343597886934,0.5763767072285974
expt_gap,other,5,20260729,88308b5e12cdd818,descriptor_distance,0.5,2569,643,1392,False,,0.0,,,0.9493561343933746,0.0,,,-0.11343859835353118,0.5453059935727239,0.9908113801189475
expt_gap,other,5,20260729,88308b5e12cdd818,equal_rank_hybrid,0.5,2569,643,1392,True,0.5925349922239502,0.6594090202177294,0.45517203423324076,0.49479547874804053,0.9493561343933746,0.11709770114942529,0.3775801727758438,-0.12241982722415617,0.6050639139252357,0.3874319902254868,0.5911316697175546
expt_gap,other,6,20260730,88308b5e12cdd818,ensemble_std,0.5,2569,643,1392,True,0.2952563957808296,0.6594090202177294,0.44832499505157813,0.495830891640495,0.8306086870565527,0.4827586206896552,0.5954904526394984,0.0954904526394984,0.5680119499567096,0.37203866091304133,0.5630109666222246
expt_gap,other,6,20260730,88308b5e12cdd818,descriptor_distance,0.5,2569,643,1392,True,1.852709757825026,0.25972006220839816,0.4112682009813852,0.47627944427554314,0.8306086870565527,0.0,,,-0.05193269967059747,0.5338447737761818,0.8632488926360049
expt_gap,other,6,20260730,88308b5e12cdd818,equal_rank_hybrid,0.5,2569,643,1392,True,0.5272161741835149,0.5598755832037325,0.447384352794956,0.49878916209629104,0.8306086870565527,0.036637931034482756,0.14953908557673262,-0.3504609144232674,0.5489752633728395,0.3948061683959765,0.5755871401295383
expt_gap,other,7,20260731,88308b5e12cdd818,ensemble_std,0.5,2569,643,1392,True,0.3016315787513991,0.6796267496111975,0.4431652431850485,0.4961419284866007,0.9453470635690093,0.5035919540229885,0.6532493459219693,0.15324934592196926,0.5500667386741241,0.3796559533670184,0.6246247356843357
expt_gap,other,7,20260731,88308b5e12cdd818,descriptor_distance,0.5,2569,643,1392,True,1.6816610993427847,0.23950233281493002,0.42446283353490216,0.4938895899766114,0.9453470635690093,0.0,,,-0.06180257221639187,0.5538167465515537,0.9489334014759105
expt_gap,other,7,20260731,88308b5e12cdd818,equal_rank_hybrid,0.5,2569,643,1392,True,0.5451010886469674,0.5598755832037325,0.44014406333573725,0.4956040973818694,0.9453470635690093,0.034482758620689655,0.10623600910518878,-0.39376399089481123,0.5344729682971545,0.39758802975944785,0.6345441936720577
expt_gap,other,8,20260732,88308b5e12cdd818,ensemble_std,0.5,2570,642,1392,True,0.3343250211936521,0.719626168224299,0.4579376697649372,0.49835239414665006,0.8429268772805735,0.5531609195402298,0.6601948620989666,0.1601948620989666,0.467250050460179,0.4011260058964812,0.6004342403142751
expt_gap,other,8,20260732,88308b5e12cdd818,descriptor_distance,0.5,2570,642,1392,True,2.020177844343958,0.30062305295950154,0.41421222151400017,0.479627620381486,0.8429268772805735,0.0,,,-0.07793279551075975,0.5187954372142872,0.8690566667374416
expt_gap,other,8,20260732,88308b5e12cdd818,equal_rank_hybrid,0.5,2570,642,1392,True,0.5825545171339563,0.6199376947040498,0.4551826745478377,0.49911565687112946,0.8429268772805735,0.09051724137931035,0.3506131439140665,-0.1493868560859335,0.4460935287381999,0.3934451843816509,0.6187871143255913
expt_gap,other,9,20260733,88308b5e12cdd818,ensemble_std,0.5,2570,642,1392,True,0.29484934960003345,0.6588785046728972,0.43968235301885555,0.4914173473952427,0.91955012807388,0.5502873563218391,0.7295804098265469,0.22958040982654693,0.5666605219841242,0.3637071492559164,0.6005105885172051
expt_gap,other,9,20260733,88308b5e12cdd818,descriptor_distance,0.5,2570,642,1392,True,1.3947802611335138,0.20093457943925233,0.4186001878165381,0.4906642054409435,0.91955012807388,0.0,,,-0.0607437433721855,0.5473424648322458,0.9369497544725165
expt_gap,other,9,20260733,88308b5e12cdd818,equal_rank_hybrid,0.5,2570,642,1392,True,0.5560747663551402,0.5794392523364486,0.43560485920196595,0.4859718601149829,0.91955012807388,0.07543103448275862,0.12905523425912713,-0.3709447657408729,0.5416413643808882,0.39495133337685395,0.6129510561499515
expt_gap,oxide,0,20260724,d919ec5f0bf11fe8,ensemble_std,0.5,2811,703,1090,True,2.093306864750777,1.0,0.4214211698234938,0.47523960114430874,1.490381174558739,1.0,1.490381174558739,0.990381174558739,0.4245221744471985,0.13117160971665576,1.1898743008562032
expt_gap,oxide,0,20260724,d919ec5f0bf11fe8,descriptor_distance,0.5,2811,703,1090,True,11.660809280799555,1.0,0.4214211698234938,0.47244744068221295,1.490381174558739,1.0,1.490381174558739,0.990381174558739,-0.055128633052759,0.3898284126876842,1.5140221245113383
expt_gap,oxide,0,20260724,d919ec5f0bf11fe8,equal_rank_hybrid,0.5,2811,703,1090,True,0.9765291607396871,1.0,0.4214211698234938,0.474183879448174,1.490381174558739,1.0,1.490381174558739,0.990381174558739,0.3520432461767266,0.21648772546511907,1.3171156893386904
expt_gap,oxide,1,20260725,d919ec5f0bf11fe8,ensemble_std,0.5,2811,703,1090,True,2.5353480629944847,1.0,0.35924049218440474,0.39638412644111515,1.4826447312697495,1.0,1.4826447312697495,0.9826447312697495,0.470862809124414,0.11311364193080935,1.1196758557529214
expt_gap,oxide,1,20260725,d919ec5f0bf11fe8,descriptor_distance,0.5,2811,703,1090,True,12.722354281315416,1.0,0.35924049218440474,0.40129363897745807,1.4826447312697495,1.0,1.4826447312697495,0.9826447312697495,-0.06941588797943314,0.3540920702777868,1.524563185198069
expt_gap,oxide,1,20260725,d919ec5f0bf11fe8,equal_rank_hybrid,0.5,2811,703,1090,True,0.9900426742532006,1.0,0.3592404921844047,0.4047674290038304,1.4826447312697495,1.0,1.4826447312697495,0.9826447312697495,0.41404346727386954,0.1877016215508611,1.2604706356442894
expt_gap,oxide,2,20260726,d919ec5f0bf11fe8,ensemble_std,0.5,2811,703,1090,True,2.3774701054210885,1.0,0.3640958431293383,0.4026161555656778,1.4915373302766526,1.0,1.4915373302766526,0.9915373302766526,0.4275927373955497,0.10872902328244258,1.1440593199876776
expt_gap,oxide,2,20260726,d919ec5f0bf11fe8,descriptor_distance,0.5,2811,703,1090,True,11.467408662185768,1.0,0.3640958431293383,0.4028859369665766,1.4915373302766526,1.0,1.4915373302766526,0.9915373302766526,-0.10453018596683306,0.36729475690868685,1.5700517235875953
expt_gap,oxide,2,20260726,d919ec5f0bf11fe8,equal_rank_hybrid,0.5,2811,703,1090,True,0.9893314366998578,1.0,0.36409584312933835,0.4020721341858789,1.4915373302766526,1.0,1.4915373302766526,0.9915373302766526,0.3696807579915511,0.19358854385889313,1.2796834644125603
expt_gap,oxide,3,20260727,d919ec5f0bf11fe8,ensemble_std,0.5,2812,702,1090,True,2.1855018854513957,1.0,0.3782569189497446,0.4209090946348089,1.49214737661781,1.0,1.49214737661781,0.9921473766178099,0.5193212246777152,0.11822339220822323,1.0345041072253918
expt_gap,oxide,3,20260727,d919ec5f0bf11fe8,descriptor_distance,0.5,2812,702,1090,True,10.400497127987872,1.0,0.3782569189497446,0.42175766281125626,1.49214737661781,1.0,1.49214737661781,0.9921473766178099,-0.06862892412802857,0.363891114212917,1.5227179039211414
expt_gap,oxide,3,20260727,d919ec5f0bf11fe8,equal_rank_hybrid,0.5,2812,702,1090,True,0.9978632478632479,1.0,0.3782569189497447,0.41958650443745726,1.49214737661781,1.0,1.49214737661781,0.9921473766178099,0.4223794470072532,0.20802892568724685,1.2068036244485547
expt_gap,oxide,4,20260728,d919ec5f0bf11fe8,ensemble_std,0.5,2811,703,1090,True,2.1399636539026474,1.0,0.3674834322712723,0.4068679905927651,1.4983791554231296,1.0,1.4983791554231296,0.9983791554231296,0.4679936389398821,0.10410662330607619,1.103454000105749
expt_gap,oxide,4,20260728,d919ec5f0bf11fe8,descriptor_distance,0.5,2811,703,1090,True,11.363143084104294,1.0,0.36748343227127234,0.40875136251446514,1.4983791554231296,1.0,1.4983791554231296,0.9983791554231296,-0.08728866319059261,0.3542405421641215,1.570218245672268
expt_gap,oxide,4,20260728,d919ec5f0bf11fe8,equal_rank_hybrid,0.5,2811,703,1090,True,0.9957325746799431,1.0,0.3674834322712723,0.4101741644928795,1.4983791554231296,1.0,1.4983791554231296,0.9983791554231296,0.3792697310017067,0.17359722044648696,1.2889346745865025
expt_gap,oxide,5,20260729,d919ec5f0bf11fe8,ensemble_std,0.5,2810,704,1090,True,2.3422630253423904,1.0,0.3928389546913272,0.4304959427333928,1.4668723329932176,1.0,1.4668723329932176,0.9668723329932176,0.4547472342943559,0.1312485116719647,1.0849369157778344
expt_gap,oxide,5,20260729,d919ec5f0bf11fe8,descriptor_distance,0.5,2810,704,1090,True,11.139448735774081,1.0,0.3928389546913273,0.42486589363818744,1.4668723329932176,1.0,1.4668723329932176,0.9668723329932176,-0.05129265627083398,0.39251245899946074,1.4758542377642474
expt_gap,oxide,5,20260729,d919ec5f0bf11fe8,equal_rank_hybrid,0.5,2810,704,1090,True,0.9900568181818181,1.0,0.3928389546913272,0.43363012757618585,1.4668723329932176,1.0,1.4668723329932176,0.9668723329932176,0.38079964093153973,0.21554827440711813,1.2617953549091778
expt_gap,oxide,6,20260730,d919ec5f0bf11fe8,ensemble_std,0.5,2812,702,1090,True,1.953608880890607,1.0,0.3901471544168197,0.43519367808256165,1.487516210305377,1.0,1.487516210305377,0.987516210305377,0.47065800190815077,0.12759135006593758,1.137863836921635
expt_gap,oxide,6,20260730,d919ec5f0bf11fe8,descriptor_distance,0.5,2812,702,1090,True,11.633993948631286,1.0,0.3901471544168197,0.43129930979980613,1.487516210305377,1.0,1.487516210305377,0.987516210305377,-0.07660945457846918,0.39209289049804685,1.539113850233786
expt_gap,oxide,6,20260730,d919ec5f0bf11fe8,equal_rank_hybrid,0.5,2812,702,1090,True,0.9935897435897436,1.0,0.3901471544168197,0.43472483396384176,1.487516210305377,1.0,1.487516210305377,0.987516210305377,0.39706826270098516,0.2216054019551903,1.268164741008505
expt_gap,oxide,7,20260731,d919ec5f0bf11fe8,ensemble_std,0.5,2811,703,1090,True,2.005795507107555,1.0,0.43583110070258585,0.48612757783593136,1.486886637439111,1.0,1.486886637439111,0.986886637439111,0.5044702469557741,0.12098065606806091,1.0729366116121186
expt_gap,oxide,7,20260731,d919ec5f0bf11fe8,descriptor_distance,0.5,2811,703,1090,True,9.621146376810861,1.0,0.43583110070258585,0.4801808745856387,1.486886637439111,1.0,1.486886637439111,0.986886637439111,-0.0888334620891082,0.38548608841477755,1.521963385483992
expt_gap,oxide,7,20260731,d919ec5f0bf11fe8,equal_rank_hybrid,0.5,2811,703,1090,True,0.9914651493598862,1.0,0.43583110070258574,0.49439192677268884,1.486886637439111,1.0,1.486886637439111,0.986886637439111,0.41693069540804856,0.19807309232521544,1.2306016439387741
expt_gap,oxide,8,20260732,d919ec5f0bf11fe8,ensemble_std,0.5,2812,702,1090,True,3.212621383386919,1.0,0.39928418561843726,0.4425282297187106,1.488615132707239,1.0,1.488615132707239,0.988615132707239,0.45688970830582565,0.11772105881608162,1.1449283561862815
expt_gap,oxide,8,20260732,d919ec5f0bf11fe8,descriptor_distance,0.5,2812,702,1090,True,11.00826889108264,1.0,0.3992841856184373,0.44869450069428546,1.488615132707239,1.0,1.488615132707239,0.988615132707239,-0.07184308709278635,0.36887393482027664,1.4960160819474793
expt_gap,oxide,8,20260732,d919ec5f0bf11fe8,equal_rank_hybrid,0.5,2812,702,1090,True,0.9914529914529915,1.0,0.3992841856184373,0.4508447023305544,1.488615132707239,1.0,1.488615132707239,0.988615132707239,0.3790025095236806,0.19776814087187883,1.2805027011381283
expt_gap,oxide,9,20260733,d919ec5f0bf11fe8,ensemble_std,0.5,2812,702,1090,True,2.487138865293913,1.0,0.38822708472005163,0.4254605093284864,1.486262962232388,1.0,1.486262962232388,0.986262962232388,0.4744254860512852,0.11305201770367534,1.1577953632710887
expt_gap,oxide,9,20260733,d919ec5f0bf11fe8,descriptor_distance,0.5,2812,702,1090,True,11.00566372635436,1.0,0.3882270847200517,0.4283577612161096,1.486262962232388,1.0,1.486262962232388,0.986262962232388,-0.07047221238699204,0.37719865516809226,1.5103153621351997
expt_gap,oxide,9,20260733,d919ec5f0bf11fe8,equal_rank_hybrid,0.5,2812,702,1090,True,0.9921652421652422,1.0,0.3882270847200517,0.42504377381400404,1.486262962232388,1.0,1.486262962232388,0.986262962232388,0.40103771917578934,0.19298864025143392,1.2784554007197595
expt_gap,pnictide,0,20260724,ee93f090e47e1d4e,ensemble_std,0.5,3315,829,460,True,0.5024426284169492,0.8998793727382388,0.43210287760150295,0.47892537379773337,0.6302654106055212,0.9065217391304348,0.6424961984850719,0.1424961984850719,0.3857130479559235,0.1845141849860672,0.6160658955329663
expt_gap,pnictide,0,20260724,ee93f090e47e1d4e,descriptor_distance,0.5,3315,829,460,False,,0.0,,,0.6302654106055212,0.0,,,-0.13346206438740651,0.5421174728913654,0.6765075555378472
expt_gap,pnictide,0,20260724,ee93f090e47e1d4e,equal_rank_hybrid,0.5,3315,829,460,True,0.6833534378769602,0.8588661037394452,0.4455771432321459,0.4970339043462086,0.6302654106055212,0.391304347826087,0.7026500450185706,0.20265004501857065,0.21247208013749425,0.2970151915110597,0.6691802345096948
expt_gap,pnictide,1,20260725,ee93f090e47e1d4e,ensemble_std,0.5,3316,828,460,True,0.7711893619511523,0.9589371980676329,0.44865254053112275,0.48537820646761926,0.6223644097852467,0.9934782608695653,0.6156081424182873,0.11560814241828732,0.33449786696122513,0.15746190556955766,0.6077917748838919
expt_gap,pnictide,1,20260725,ee93f090e47e1d4e,descriptor_distance,0.5,3316,828,460,False,,0.0,,,0.6223644097852467,0.0,,,-0.16677395210028162,0.5249744890819286,0.6930370102446537
expt_gap,pnictide,1,20260725,ee93f090e47e1d4e,equal_rank_hybrid,0.5,3316,828,460,True,0.7548309178743962,0.9396135265700483,0.45227116071254087,0.49730655804323703,0.6223644097852467,0.6652173913043479,0.6268348039578185,0.12683480395781854,0.16955981699008124,0.2646374279640802,0.663550982251082
expt_gap,pnictide,2,20260726,ee93f090e47e1d4e,ensemble_std,0.5,3316,828,460,True,0.9922559549049748,0.9794685990338164,0.4601821090344732,0.49784318308253933,0.6173697796550619,0.991304347826087,0.6116970330112391,0.11169703301123912,0.32958415289100373,0.16507747716611093,0.6051039843929218
expt_gap,pnictide,2,20260726,ee93f090e47e1d4e,descriptor_distance,0.5,3316,828,460,False,,0.0,,,0.6173697796550619,0.0,,,-0.21047343586523007,0.5494829794866212,0.7119649903798109
expt_gap,pnictide,2,20260726,ee93f090e47e1d4e,equal_rank_hybrid,0.5,3316,828,460,True,0.768719806763285,0.9396135265700483,0.4586876989202214,0.49644417932522694,0.6173697796550619,0.8717391304347826,0.59240259964702,0.09240259964702002,0.13127974736828732,0.2817084788797064,0.7179542137890299
expt_gap,pnictide,3,20260727,ee93f090e47e1d4e,ensemble_std,0.5,3316,828,460,True,1.7592337166137553,1.0,0.45084785337392663,0.48561951915446805,0.6500754631487728,1.0,0.6500754631487728,0.15007546314877285,0.34282832697101684,0.16569512412108978,0.6069838851263106
expt_gap,pnictide,3,20260727,ee93f090e47e1d4e,descriptor_distance,0.5,3316,828,460,True,13.163700697883277,1.0,0.45084785337392663,0.49398133284944734,0.6500754631487728,0.9760869565217392,0.6404445274895496,0.1404445274895496,-0.13729104032671477,0.448072362454825,0.7148513567100453
expt_gap,pnictide,3,20260727,ee93f090e47e1d4e,equal_rank_hybrid,0.5,3316,828,460,True,0.9607487922705313,1.0,0.45084785337392663,0.49518616209973076,0.6500754631487728,0.9978260869565218,0.6511152329042551,0.1511152329042551,0.21063040360655433,0.251001391689166,0.6861985847356928
expt_gap,pnictide,4,20260728,ee93f090e47e1d4e,ensemble_std,0.5,3316,828,460,True,0.6373598228180868,0.9396135265700483,0.4469151409727593,0.4823565271560869,0.6885783380036095,0.9804347826086957,0.6786229739627588,0.17862297396275884,0.402735203732221,0.1737536766659863,0.6472331201826935
expt_gap,pnictide,4,20260728,ee93f090e47e1d4e,descriptor_distance,0.5,3316,828,460,False,,0.0,,,0.6885783380036095,0.0,,,-0.08558600487261907,0.5092377330922802,0.7057972856239008
expt_gap,pnictide,4,20260728,ee93f090e47e1d4e,equal_rank_hybrid,0.5,3316,828,460,True,0.78743961352657,0.9396135265700483,0.45759861769675636,0.49801676837213205,0.6885783380036095,0.6369565217391304,0.6485135823759304,0.14851358237593038,0.2538886966467888,0.29031574809112937,0.6901355955685158
expt_gap,pnictide,5,20260729,ee93f090e47e1d4e,ensemble_std,0.5,3315,829,460,True,0.8259087309674916,0.9794933655006032,0.4385991644173082,0.4783592610544444,0.6435509894890294,0.9934782608695653,0.6366144941521326,0.13661449415213256,0.17937034884634526,0.15497732075245907,0.6548412289671779
expt_gap,pnictide,5,20260729,ee93f090e47e1d4e,descriptor_distance,0.5,3315,829,460,False,,0.0,,,0.6435509894890294,0.0,,,-0.15244877957801647,0.5158245986715064,0.7049533744597647
expt_gap,pnictide,5,20260729,ee93f090e47e1d4e,equal_rank_hybrid,0.5,3315,829,460,True,0.8673100120627262,0.9794933655006032,0.4498226188339093,0.49334664276265144,0.6435509894890294,0.9565217391304348,0.6198769460757788,0.11987694607577881,0.026451285775493546,0.2746157261633807,0.754012411517772
expt_gap,pnictide,6,20260730,ee93f090e47e1d4e,ensemble_std,0.5,3316,828,460,True,1.0137734507342382,0.9794685990338164,0.44301810521387813,0.4855012150151502,0.6212078231166367,0.9934782608695653,0.6213759702743958,0.12137597027439584,0.3407695169502801,0.14587533732592847,0.6213310533406433
expt_gap,pnictide,6,20260730,ee93f090e47e1d4e,descriptor_distance,0.5,3316,828,460,True,1.9922012125565967,0.24033816425120774,0.4164542031803237,0.4953640582406775,0.6212078231166367,0.030434782608695653,0.8409082452071738,0.3409082452071738,-0.14933459200025842,0.4977390442423073,0.6804863200686343
expt_gap,pnictide,6,20260730,ee93f090e47e1d4e,equal_rank_hybrid,0.5,3316,828,460,True,0.8520531400966184,0.9794685990338164,0.46173976378562487,0.4968086095556336,0.6212078231166367,0.9304347826086956,0.6287817742007678,0.12878177420076775,0.1643377451172926,0.25034606682276345,0.6738767417981182
expt_gap,pnictide,7,20260731,ee93f090e47e1d4e,ensemble_std,0.5,3313,831,460,True,0.7185085090325873,0.9398315282791817,0.4447607660313358,0.4828682312182033,0.6515243273143319,0.9956521739130435,0.6475888259451406,0.14758882594514056,0.2311611525314564,0.17210216522982427,0.6954454606264688
expt_gap,pnictide,7,20260731,ee93f090e47e1d4e,descriptor_distance,0.5,3313,831,460,False,,0.0,,,0.6515243273143319,0.0,,,-0.20946170568836794,0.5473450044405538,0.7466025549322792
expt_gap,pnictide,7,20260731,ee93f090e47e1d4e,equal_rank_hybrid,0.5,3313,831,460,True,0.6961492178098676,0.8796630565583634,0.44377610383112903,0.48194610567624824,0.6515243273143319,0.7282608695652174,0.6791515257773638,0.17915152577736382,0.03884940718265405,0.2774779948614797,0.7907514840572709
expt_gap,pnictide,8,20260732,ee93f090e47e1d4e,ensemble_std,0.5,3316,828,460,True,0.9136454911650563,0.9794685990338164,0.4375594800762266,0.47079680725368356,0.6334362758858256,0.9891304347826086,0.6172507057260773,0.11725070572607732,0.12784738302260776,0.1512390982996487,0.6736648058327042
expt_gap,pnictide,8,20260732,ee93f090e47e1d4e,descriptor_distance,0.5,3316,828,460,True,2.54213523913462,0.35990338164251207,0.4372874041299309,0.4926246622498607,0.6334362758858256,0.02826086956521739,0.842678747988123,0.34267874798812303,-0.15774122847338934,0.45452004808441415,0.7008187173709302
expt_gap,pnictide,8,20260732,ee93f090e47e1d4e,equal_rank_hybrid,0.5,3316,828,460,True,0.8121980676328502,0.9589371980676329,0.4536840200295093,0.4944582237049655,0.6334362758858256,0.8630434782608696,0.6168715853225836,0.11687158532258357,0.019632178365962035,0.23025373192086157,0.7337291700541184
expt_gap,pnictide,9,20260733,ee93f090e47e1d4e,ensemble_std,0.5,3315,829,460,True,0.7014591645485913,0.9589867310012062,0.4423243335436618,0.47812454940560944,0.6205537189813332,0.991304347826087,0.6200733926870342,0.12007339268703421,0.17943202129494032,0.18051667375752672,0.6255629518858334
expt_gap,pnictide,9,20260733,ee93f090e47e1d4e,descriptor_distance,0.5,3315,829,460,False,,0.0,,,0.6205537189813332,0.0,,,-0.1406755049826978,0.534809133259885,0.6735915034154029
expt_gap,pnictide,9,20260733,ee93f090e47e1d4e,equal_rank_hybrid,0.5,3315,829,460,True,0.8039806996381182,0.9589867310012062,0.45666980442280014,0.4948865317068147,0.6205537189813332,0.8847826086956522,0.6379133777971078,0.13791337779710777,0.021412135299444964,0.29875015410366235,0.7025564858978063
log_kvrh,other,0,20260724,492cabb52a18b994,ensemble_std,0.15,4471,1112,5404,True,0.0876760268048218,0.7994604316546763,0.13838110835502546,0.1490116227288802,0.231610970817528,0.7648038490007402,0.217499856974422,0.06749985697442201,0.2235257326351594,0.11781487822937783,0.19615014518843843
log_kvrh,other,0,20260724,492cabb52a18b994,descriptor_distance,0.15,4471,1112,5404,False,,0.0,,,0.231610970817528,0.0,,,0.11569076940161833,0.16855437918111965,0.20841750056854838
log_kvrh,other,0,20260724,492cabb52a18b994,equal_rank_hybrid,0.15,4471,1112,5404,True,0.5881294964028777,0.6600719424460432,0.1396040471099456,0.1494714578656494,0.231610970817528,0.14008142116950406,0.16551307491482706,0.015513074914827063,0.247257050242148,0.1317399346453207,0.1920737362109982
log_kvrh,other,1,20260725,492cabb52a18b994,ensemble_std,0.15,4448,1135,5404,True,0.11477484775229248,0.879295154185022,0.14108808302124237,0.14821545485577897,0.250369796466044,0.7303849000740192,0.20662395865678015,0.05662395865678016,0.40971667777927784,0.1101942267384116,0.19302113152221467
log_kvrh,other,1,20260725,492cabb52a18b994,descriptor_distance,0.15,4448,1135,5404,False,,0.0,,,0.250369796466044,0.0,,,0.11172839829751968,0.1569500053759183,0.2264069709523582
log_kvrh,other,1,20260725,492cabb52a18b994,equal_rank_hybrid,0.15,4448,1135,5404,True,0.620704845814978,0.7198237885462555,0.13631217004172178,0.14461826183967105,0.250369796466044,0.10473723168023687,0.15240442561086914,0.0024044256108691486,0.4075252755759382,0.12576574644576619,0.19115963314502335
log_kvrh,other,2,20260726,492cabb52a18b994,ensemble_std,0.15,4435,1148,5404,True,0.08823369573553964,0.8196864111498258,0.1392723901659379,0.14785895065996302,0.24120026741998618,0.7113249444855663,0.2191036601174051,0.0691036601174051,0.24654766728868666,0.11174124859388351,0.20321948658260064
log_kvrh,other,2,20260726,492cabb52a18b994,descriptor_distance,0.15,4435,1148,5404,False,,0.0,,,0.24120026741998618,0.0,,,0.10411252309798985,0.17301953913992835,0.2192925264713057
log_kvrh,other,2,20260726,492cabb52a18b994,equal_rank_hybrid,0.15,4435,1148,5404,True,0.5888501742160279,0.6994773519163763,0.1395459712366922,0.14771979037534905,0.24120026741998618,0.08456698741672834,0.14985661209577777,-0.0001433879042222197,0.25665425048156304,0.12267318208585391,0.19887579883134243
log_kvrh,other,3,20260727,492cabb52a18b994,ensemble_std,0.15,4503,1080,5404,True,0.0635187740199378,0.6796296296296296,0.13887752946624587,0.14937544613810907,0.2712188589158889,0.39341228719467064,0.213977015582593,0.063977015582593,0.32940200145540766,0.13025512752121376,0.21748781460125274
log_kvrh,other,3,20260727,492cabb52a18b994,descriptor_distance,0.15,4503,1080,5404,False,,0.0,,,0.2712188589158889,0.0,,,0.13081960925743094,0.1634858519305831,0.2399781350696537
log_kvrh,other,3,20260727,492cabb52a18b994,equal_rank_hybrid,0.15,4503,1080,5404,True,0.525,0.5194444444444445,0.1373890141607393,0.14883906893907298,0.2712188589158889,0.02609178386380459,0.14082067796255907,-0.009179322037440929,0.348125992873832,0.1343002464433658,0.21252541451299195
log_kvrh,other,4,20260728,492cabb52a18b994,ensemble_std,0.15,4492,1091,5404,True,0.14185827345421873,0.9395050412465628,0.14051063065716718,0.14810738012847222,0.2689168713032276,0.9435603256846781,0.2615222835840523,0.11152228358405228,0.36108767473990966,0.09983844744893797,0.21028848798645183
log_kvrh,other,4,20260728,492cabb52a18b994,descriptor_distance,0.15,4492,1091,5404,False,,0.0,,,0.2689168713032276,0.0,,,0.10221192904736237,0.14948234363124246,0.24331914268432656
log_kvrh,other,4,20260728,492cabb52a18b994,equal_rank_hybrid,0.15,4492,1091,5404,True,0.8331805682859761,0.9395050412465628,0.14187315197226819,0.14959830745395392,0.2689168713032276,0.557179866765359,0.2143476109319654,0.0643476109319654,0.37050854073408535,0.11078667646210533,0.2068781484065053
log_kvrh,other,5,20260729,492cabb52a18b994,ensemble_std,0.15,4431,1152,5404,True,0.12122833873504636,0.9192708333333334,0.14100119095622812,0.14878885392251653,0.25265975847398225,0.9145077720207254,0.24244491888600483,0.09244491888600484,0.29358452881707503,0.10723595709191895,0.20495711566271882
log_kvrh,other,5,20260729,492cabb52a18b994,descriptor_distance,0.15,4431,1152,5404,False,,0.0,,,0.25265975847398225,0.0,,,0.12615405182218953,0.14607573519821654,0.22708671000141034
log_kvrh,other,5,20260729,492cabb52a18b994,equal_rank_hybrid,0.15,4431,1152,5404,True,0.7838541666666667,0.8993055555555556,0.13975051280698256,0.14702917949408761,0.25265975847398225,0.43726868985936346,0.20314726355866522,0.053147263558665225,0.3018596313959255,0.11931086101718624,0.20192108416022847
log_kvrh,other,6,20260730,492cabb52a18b994,ensemble_std,0.15,4427,1156,5404,True,0.08035771980772652,0.7794117647058824,0.14111958772924688,0.14925173580010742,0.22585341111147697,0.6559955588452998,0.1831935076980509,0.033193507698050906,0.3964381425087283,0.11487615803231425,0.16939256975661907
log_kvrh,other,6,20260730,492cabb52a18b994,descriptor_distance,0.15,4427,1156,5404,False,,0.0,,,0.22585341111147697,0.0,,,0.1111392971525308,0.16401079574504887,0.20413404167717317
log_kvrh,other,6,20260730,492cabb52a18b994,equal_rank_hybrid,0.15,4427,1156,5404,True,0.5834775086505191,0.6600346020761245,0.13784406085231776,0.14890444056540628,0.22585341111147697,0.11491487786824574,0.13495316258694798,-0.015046837413052017,0.39330503370812697,0.13087907180919373,0.16925553768599166
log_kvrh,other,7,20260731,492cabb52a18b994,ensemble_std,0.15,4470,1113,5404,True,0.10476403169539247,0.8796046720575023,0.14029199876396234,0.14764870526816812,0.26081782513152285,0.8386380458919319,0.24594107054515926,0.09594107054515927,0.3083848243443725,0.1082466687357833,0.21070805467952114
log_kvrh,other,7,20260731,492cabb52a18b994,descriptor_distance,0.15,4470,1113,5404,False,,0.0,,,0.26081782513152285,0.0,,,0.12517576902874109,0.16341983172578417,0.23392606183222647
log_kvrh,other,7,20260731,492cabb52a18b994,equal_rank_hybrid,0.15,4470,1113,5404,True,0.6383647798742138,0.7601078167115903,0.13990352767920278,0.14942203311050523,0.26081782513152285,0.15988156920799407,0.16957639694126986,0.019576396941269864,0.3235821456729178,0.12373360293579506,0.2065491492769357
log_kvrh,other,8,20260732,492cabb52a18b994,ensemble_std,0.15,4484,1099,5404,True,0.13974958568671364,0.9399454049135578,0.14113385509050294,0.14849446388772522,0.2779826641481483,0.8997039230199851,0.25767738736615703,0.10767738736615703,0.3667567983517072,0.1036919780412105,0.2168752945024751
log_kvrh,other,8,20260732,492cabb52a18b994,descriptor_distance,0.15,4484,1099,5404,False,,0.0,,,0.2779826641481483,0.0,,,0.12484282749575479,0.15228896074347303,0.24593959788232106
log_kvrh,other,8,20260732,492cabb52a18b994,equal_rank_hybrid,0.15,4484,1099,5404,True,0.6851683348498635,0.8198362147406734,0.13945956500263965,0.14845229091643306,0.2779826641481483,0.18282753515914138,0.18493491369845197,0.034934913698451975,0.3798996135620438,0.11515768753569566,0.21338916731127935
log_kvrh,other,9,20260733,492cabb52a18b994,ensemble_std,0.15,4448,1135,5404,True,0.09748054690791354,0.8599118942731278,0.14055017174882592,0.14915301929981606,0.24330056893928434,0.756661732050333,0.21394414582506496,0.06394414582506497,0.3512580478956154,0.10999695254678281,0.19516927071557824
log_kvrh,other,9,20260733,492cabb52a18b994,descriptor_distance,0.15,4448,1135,5404,True,2.0571495313518704,0.21938325991189428,0.1339247666868929,0.14978768988148608,0.24330056893928434,0.0025906735751295338,0.14157721001392254,-0.008422789986077456,0.12575235591111447,0.15389683479949356,0.21729999005313633
log_kvrh,other,9,20260733,492cabb52a18b994,equal_rank_hybrid,0.15,4448,1135,5404,True,0.6550660792951541,0.7797356828193832,0.14031231179891082,0.14936673999571579,0.24330056893928434,0.16580310880829016,0.1642606443266401,0.014260644326640093,0.3558595626446036,0.11965159931680021,0.1911417731087332
log_kvrh,oxide,0,20260724,304b684b3ca60ca3,ensemble_std,0.15,7031,1772,2184,True,0.33832579767048077,1.0,0.1041547354816425,0.10862127640911899,0.24463813269911877,1.0,0.24463813269911877,0.09463813269911878,0.019793370059535773,0.06754213045125015,0.23132717563492838
log_kvrh,oxide,0,20260724,304b684b3ca60ca3,descriptor_distance,0.15,7031,1772,2184,True,21.63582740746411,1.0,0.10415473548164252,0.10853843789352755,0.24463813269911877,1.0,0.24463813269911877,0.09463813269911878,0.06646300808460609,0.10372801910250914,0.2347285686737855
log_kvrh,oxide,0,20260724,304b684b3ca60ca3,equal_rank_hybrid,0.15,7031,1772,2184,True,0.9779909706546275,1.0,0.10415473548164252,0.11015730708762056,0.24463813269911877,0.9986263736263736,0.24449346287580853,0.09449346287580854,0.03981269271348885,0.07454954295379204,0.2294275438252828
log_kvrh,oxide,1,20260725,304b684b3ca60ca3,ensemble_std,0.15,7055,1748,2184,True,0.25949118950562755,1.0,0.10329115054308376,0.10876428780832675,0.24688124222278685,0.9990842490842491,0.24679079649311905,0.09679079649311906,-0.05626323784104115,0.06874746476546705,0.24342049249490746
log_kvrh,oxide,1,20260725,304b684b3ca60ca3,descriptor_distance,0.15,7055,1748,2184,True,10.462789446261178,1.0,0.10329115054308374,0.10879878228269564,0.24688124222278685,1.0,0.24688124222278685,0.09688124222278685,0.08366032694708207,0.0992376809538775,0.23719871020256184
log_kvrh,oxide,1,20260725,304b684b3ca60ca3,equal_rank_hybrid,0.15,7055,1748,2184,True,0.9848398169336384,1.0,0.10329115054308376,0.10787482041064148,0.24688124222278685,1.0,0.24688124222278685,0.09688124222278685,-0.006375256946181415,0.07334141028943247,0.23946083416556724
log_kvrh,oxide,2,20260726,304b684b3ca60ca3,ensemble_std,0.15,7037,1766,2184,True,0.30055507220670963,1.0,0.11568208868948941,0.121833295723134,0.24375390676664085,1.0,0.24375390676664085,0.09375390676664086,-0.05796830910640822,0.07617279599068637,0.25038488818259286
log_kvrh,oxide,2,20260726,304b684b3ca60ca3,descriptor_distance,0.15,7037,1766,2184,True,12.339688324973574,1.0,0.11568208868948941,0.12130709495889706,0.24375390676664085,1.0,0.24375390676664085,0.09375390676664086,0.061929701673396495,0.10873972171552121,0.2342184156314931
log_kvrh,oxide,2,20260726,304b684b3ca60ca3,equal_rank_hybrid,0.15,7037,1766,2184,True,0.9878255945639864,1.0,0.11568208868948938,0.12111777735074797,0.24375390676664085,0.9995421245421245,0.24377850961195113,0.09377850961195114,-0.017293728727278433,0.08324799982463399,0.24157965329919867
log_kvrh,oxide,3,20260727,304b684b3ca60ca3,ensemble_std,0.15,7059,1744,2184,True,0.2341491803273266,1.0,0.10949832318140443,0.11570241546270085,0.24376199261243142,0.9990842490842491,0.2435796000135968,0.0935796000135968,0.03417353892832364,0.06619387221506312,0.23433264983914132
log_kvrh,oxide,3,20260727,304b684b3ca60ca3,descriptor_distance,0.15,7059,1744,2184,True,30.087589013501862,1.0,0.10949832318140443,0.11503314961864299,0.24376199261243142,1.0,0.24376199261243142,0.09376199261243143,0.0668647152760615,0.10809956149186911,0.23171436399902107
log_kvrh,oxide,3,20260727,304b684b3ca60ca3,equal_rank_hybrid,0.15,7059,1744,2184,True,0.9879587155963303,1.0,0.10949832318140443,0.11456817005701218,0.24376199261243142,0.9990842490842491,0.2437552725080642,0.0937552725080642,0.061703058640755364,0.07708474729731957,0.23174602706859698
log_kvrh,oxide,4,20260728,304b684b3ca60ca3,ensemble_std,0.15,7063,1740,2184,True,0.30509050887389183,1.0,0.11381052716352519,0.11945337717321744,0.24180602454664987,1.0,0.24180602454664987,0.09180602454664988,0.01773564800984261,0.07027222229715795,0.2319794116011309
log_kvrh,oxide,4,20260728,304b684b3ca60ca3,descriptor_distance,0.15,7063,1740,2184,True,11.42228316635134,1.0,0.11381052716352519,0.11935419330117565,0.24180602454664987,1.0,0.24180602454664987,0.09180602454664988,0.060817253335575944,0.10779199642793352,0.23318863881130064
log_kvrh,oxide,4,20260728,304b684b3ca60ca3,equal_rank_hybrid,0.15,7063,1740,2184,True,0.9879310344827585,1.0,0.11381052716352519,0.11884085207420571,0.24180602454664987,1.0,0.24180602454664987,0.09180602454664988,0.03312242361690286,0.079580171529565,0.22805692754843448
log_kvrh,oxide,5,20260729,304b684b3ca60ca3,ensemble_std,0.15,7058,1745,2184,True,0.29019280574326795,1.0,0.10430964321121156,0.10929278845606236,0.24651262770494117,0.9990842490842491,0.24646303309645828,0.09646303309645829,0.02209062029207555,0.06893522966205434,0.23650064316149785
log_kvrh,oxide,5,20260729,304b684b3ca60ca3,descriptor_distance,0.15,7058,1745,2184,True,11.204798169025805,1.0,0.10430964321121157,0.10930765426270675,0.24651262770494117,1.0,0.24651262770494117,0.09651262770494118,0.055791386391135185,0.10048789863791265,0.23627954343441596
log_kvrh,oxide,5,20260729,304b684b3ca60ca3,equal_rank_hybrid,0.15,7058,1745,2184,True,0.9948424068767908,1.0,0.10430964321121157,0.1097056778048699,0.24651262770494117,1.0,0.24651262770494117,0.09651262770494118,0.04541180005582392,0.07391250784160303,0.23516068689978453
log_kvrh,oxide,6,20260730,304b684b3ca60ca3,ensemble_std,0.15,7065,1738,2184,True,0.29658052194223194,1.0,0.11057693935735655,0.11706694226954134,0.24591382566597808,1.0,0.24591382566597808,0.09591382566597809,0.021849769043690036,0.07457307388830726,0.23538727285185404
log_kvrh,oxide,6,20260730,304b684b3ca60ca3,descriptor_distance,0.15,7065,1738,2184,True,21.798576717634628,1.0,0.11057693935735655,0.11644069984430871,0.24591382566597808,1.0,0.24591382566597808,0.09591382566597809,0.07305357233655348,0.10891438548753338,0.23673534351532052
log_kvrh,oxide,6,20260730,304b684b3ca60ca3,equal_rank_hybrid,0.15,7065,1738,2184,True,0.9922324510932106,1.0,0.11057693935735655,0.11708769570601596,0.24591382566597808,1.0,0.24591382566597808,0.09591382566597809,0.04441518004811457,0.08046301338908896,0.23427290212169133
log_kvrh,oxide,7,20260731,304b684b3ca60ca3,ensemble_std,0.15,7015,1788,2184,True,0.45553833016610457,1.0,0.11058748269709338,0.11664427886876857,0.24280268654458234,1.0,0.24280268654458234,0.09280268654458235,-0.009917490431706493,0.06872819298791025,0.23436645509139456
log_kvrh,oxide,7,20260731,304b684b3ca60ca3,descriptor_distance,0.15,7015,1788,2184,True,10.971169021690125,1.0,0.1105874826970934,0.11608107408371328,0.24280268654458234,1.0,0.24280268654458234,0.09280268654458235,0.07559762772661885,0.10162739506040011,0.2326404352841026
log_kvrh,oxide,7,20260731,304b684b3ca60ca3,equal_rank_hybrid,0.15,7015,1788,2184,True,0.9879753914988814,1.0,0.11058748269709338,0.11631422169390565,0.24280268654458234,1.0,0.24280268654458234,0.09280268654458235,0.02389114298002051,0.07409709582454724,0.23058295581335006
log_kvrh,oxide,8,20260732,304b684b3ca60ca3,ensemble_std,0.15,7058,1745,2184,True,0.29640552566654277,1.0,0.10641193136311891,0.11206686740332264,0.24717051425915285,1.0,0.24717051425915285,0.09717051425915285,-0.043969868491430815,0.0659449903694667,0.2463313572962491
log_kvrh,oxide,8,20260732,304b684b3ca60ca3,descriptor_distance,0.15,7058,1745,2184,True,10.600119785730048,1.0,0.1064119313631189,0.11192422762163398,0.24717051425915285,1.0,0.24717051425915285,0.09717051425915285,0.08186254220115369,0.09878366934220383,0.23577829460915095
log_kvrh,oxide,8,20260732,304b684b3ca60ca3,equal_rank_hybrid,0.15,7058,1745,2184,True,0.9876790830945559,1.0,0.10641193136311891,0.11317333906737922,0.24717051425915285,1.0,0.24717051425915285,0.09717051425915285,-0.014077360175917753,0.07225010637181375,0.2404448816046186
log_kvrh,oxide,9,20260733,304b684b3ca60ca3,ensemble_std,0.15,7089,1714,2184,True,0.23083383956448567,1.0,0.10659846187650013,0.1118133123296571,0.24969113832056763,0.9871794871794872,0.24855941146618102,0.09855941146618102,-0.036281567352545535,0.06973544511276095,0.24265540086920193
log_kvrh,oxide,9,20260733,304b684b3ca60ca3,descriptor_distance,0.15,7089,1714,2184,True,33.661885687406674,1.0,0.10659846187650013,0.11257212551477044,0.24969113832056763,1.0,0.24969113832056763,0.09969113832056764,0.073201735435257,0.10276608863399185,0.23684573403728337
log_kvrh,oxide,9,20260733,304b684b3ca60ca3,equal_rank_hybrid,0.15,7089,1714,2184,True,0.9781213535589265,1.0,0.10659846187650013,0.1123719166297279,0.24969113832056763,0.9990842490842491,0.24958961772770574,0.09958961772770575,0.005884195818061039,0.07717803426343266,0.23935306266721132
log_kvrh,pnictide,0,20260724,6439810c9c60c5ec,ensemble_std,0.15,7668,1883,1436,True,0.3845063066827015,1.0,0.10928504146481272,0.11423448684742671,0.17921028941562492,0.9993036211699164,0.17930619297075584,0.029306192970755846,0.4057639394969139,0.07453504847501677,0.12939276004040917
log_kvrh,pnictide,0,20260724,6439810c9c60c5ec,descriptor_distance,0.15,7668,1883,1436,True,24.53149190475891,1.0,0.10928504146481272,0.11387594042319663,0.17921028941562492,0.9972144846796658,0.17831479576014544,0.02831479576014545,0.24233128609668822,0.11317732397982501,0.15036217105356947
log_kvrh,pnictide,0,20260724,6439810c9c60c5ec,equal_rank_hybrid,0.15,7668,1883,1436,True,0.9816781731279873,1.0,0.10928504146481272,0.11389710065214073,0.17921028941562492,0.8802228412256268,0.1530535579038305,0.003053557903830495,0.40833392556706655,0.08563596849588385,0.13057116466131502
log_kvrh,pnictide,1,20260725,6439810c9c60c5ec,ensemble_std,0.15,7668,1883,1436,True,0.4534932372347797,1.0,0.11930889582819897,0.12500416221920915,0.1888468780272371,1.0,0.1888468780272371,0.0388468780272371,0.468532870319994,0.0792416698132005,0.12967625205579236
log_kvrh,pnictide,1,20260725,6439810c9c60c5ec,descriptor_distance,0.15,7668,1883,1436,True,33.068995990850276,1.0,0.11930889582819897,0.12496347766460943,0.1888468780272371,1.0,0.1888468780272371,0.0388468780272371,0.19854257573416104,0.1126634768526653,0.1620404261471536
log_kvrh,pnictide,1,20260725,6439810c9c60c5ec,equal_rank_hybrid,0.15,7668,1883,1436,True,0.9766330323951142,1.0,0.11930889582819898,0.1256256173048932,0.1888468780272371,0.846100278551532,0.15703418568627558,0.00703418568627559,0.46760273028152244,0.08706823659151902,0.1286589580798124
log_kvrh,pnictide,2,20260726,6439810c9c60c5ec,ensemble_std,0.15,7631,1920,1436,True,0.3494340953084522,1.0,0.1199495761097909,0.12521198227344665,0.19505286580940764,0.8795264623955432,0.1510335779675516,0.0010335779675516021,0.5263922685919927,0.07642388964692959,0.12360255628460709
log_kvrh,pnictide,2,20260726,6439810c9c60c5ec,descriptor_distance,0.15,7631,1920,1436,True,12.857866227883735,1.0,0.11994957610979089,0.12439156220202058,0.19505286580940764,0.9157381615598886,0.18135213271700618,0.03135213271700618,0.13659170998251302,0.11393332348874763,0.17174539006555775
log_kvrh,pnictide,2,20260726,6439810c9c60c5ec,equal_rank_hybrid,0.15,7631,1920,1436,True,0.9885416666666667,1.0,0.11994957610979089,0.12489622282730982,0.19505286580940764,0.8871866295264624,0.15956862500088884,0.009568625000888842,0.5061823926161945,0.08323108062133808,0.12521837637902933
log_kvrh,pnictide,3,20260727,6439810c9c60c5ec,ensemble_std,0.15,7658,1893,1436,True,0.4111876900862298,1.0,0.11754077235733393,0.12303614994356993,0.22860327071540562,0.9658774373259053,0.21024995511195269,0.06024995511195269,0.4968925187499828,0.06921066799195798,0.14488980540616356
log_kvrh,pnictide,3,20260727,6439810c9c60c5ec,descriptor_distance,0.15,7658,1893,1436,True,31.755474641783554,1.0,0.11754077235733393,0.1230503905846163,0.22860327071540562,1.0,0.22860327071540562,0.07860327071540563,0.2031389448314923,0.11816998365429529,0.19267577706655242
log_kvrh,pnictide,3,20260727,6439810c9c60c5ec,equal_rank_hybrid,0.15,7658,1893,1436,True,0.9894347596407818,1.0,0.11754077235733393,0.12338401936169545,0.22860327071540562,0.8377437325905293,0.18833740199581975,0.03833740199581975,0.47280850106976724,0.08227447855404499,0.1488112719677838
log_kvrh,pnictide,4,20260728,6439810c9c60c5ec,ensemble_std,0.15,7687,1864,1436,True,0.32619705976218516,1.0,0.1196176668557209,0.12529899317132226,0.17268237622864743,0.9428969359331476,0.16282707384810174,0.01282707384810175,0.44641675227778266,0.07697314506421496,0.12624719923590036
log_kvrh,pnictide,4,20260728,6439810c9c60c5ec,descriptor_distance,0.15,7687,1864,1436,True,12.522877248888044,1.0,0.1196176668557209,0.1253342056428468,0.17268237622864743,0.8927576601671309,0.16180667813617058,0.01180667813617059,0.15583142769992267,0.11938071938025302,0.15510837595177665
log_kvrh,pnictide,4,20260728,6439810c9c60c5ec,equal_rank_hybrid,0.15,7687,1864,1436,True,0.985783261802575,1.0,0.11961766685572088,0.1255319306603955,0.17268237622864743,0.8628133704735376,0.1553955740264895,0.005395574026489519,0.43559575380009835,0.08812089977468027,0.12569439308826158
log_kvrh,pnictide,5,20260729,6439810c9c60c5ec,ensemble_std,0.15,7605,1946,1436,True,0.421278006806079,1.0,0.12786257378160393,0.13396912145794482,0.1723830317389274,0.9435933147632312,0.16186965056499808,0.011869650564998085,0.35224864822432145,0.08307657559435305,0.13657697147790177
log_kvrh,pnictide,5,20260729,6439810c9c60c5ec,descriptor_distance,0.15,7605,1946,1436,True,22.484295094270713,1.0,0.12786257378160396,0.1344904810273647,0.1723830317389274,0.9972144846796658,0.171598147267779,0.021598147267779005,0.18506473108696184,0.1376459632082288,0.1536697244894214
log_kvrh,pnictide,5,20260729,6439810c9c60c5ec,equal_rank_hybrid,0.15,7605,1946,1436,True,0.9794450154162384,1.0,0.12786257378160393,0.13380777387921597,0.1723830317389274,0.8753481894150418,0.15146946297071395,0.0014694629707139584,0.3531410713528029,0.09876912534238606,0.13667057280582584
log_kvrh,pnictide,6,20260730,6439810c9c60c5ec,ensemble_std,0.15,7650,1901,1436,True,0.40923317964172945,1.0,0.11594270621176411,0.12179260583334688,0.1622124913403779,0.9805013927576601,0.15907163167166435,0.00907163167166436,0.3040606680388266,0.07797676642948778,0.13265300563518884
log_kvrh,pnictide,6,20260730,6439810c9c60c5ec,descriptor_distance,0.15,7650,1901,1436,True,60.07442816649537,1.0,0.11594270621176411,0.12144305993710776,0.1622124913403779,1.0,0.1622124913403779,0.012212491340377912,0.16086166675268013,0.11419565974574378,0.14510017102762315
log_kvrh,pnictide,6,20260730,6439810c9c60c5ec,equal_rank_hybrid,0.15,7650,1901,1436,True,0.9957916885849553,1.0,0.11594270621176411,0.1212192251458887,0.1622124913403779,0.9296657381615598,0.14946435660289342,-0.0005356433971065722,0.30693313337599504,0.08645925450656583,0.13342791270529547
log_kvrh,pnictide,7,20260731,6439810c9c60c5ec,ensemble_std,0.15,7632,1919,1436,True,0.30337248395964994,1.0,0.11866136700250281,0.12371334122764631,0.18111714732346898,0.9484679665738162,0.165840111126161,0.015840111126161016,0.30413861258632435,0.07593330523403558,0.1448456229439719
log_kvrh,pnictide,7,20260731,6439810c9c60c5ec,descriptor_distance,0.15,7632,1919,1436,True,11.528928590654827,1.0,0.1186613670025028,0.12418205934170615,0.18111714732346898,0.8502785515320335,0.1676225652956276,0.017622565295627612,0.17156632987756248,0.11718882414619848,0.16399904301241738
log_kvrh,pnictide,7,20260731,6439810c9c60c5ec,equal_rank_hybrid,0.15,7632,1919,1436,True,0.995049504950495,1.0,0.11866136700250281,0.12488441819118438,0.18111714732346898,0.9261838440111421,0.16145787357465888,0.011457873574658883,0.29860109991555955,0.08795532386130803,0.14851507061009195
log_kvrh,pnictide,8,20260732,6439810c9c60c5ec,ensemble_std,0.15,7674,1877,1436,True,0.378733447636984,1.0,0.12080068067161476,0.1263316749889097,0.17546230368909033,0.9993036211699164,0.1755512832236519,0.02555128322365191,0.22585257768180858,0.07812865204471627,0.1444263255173051
log_kvrh,pnictide,8,20260732,6439810c9c60c5ec,descriptor_distance,0.15,7674,1877,1436,True,12.737682670113966,1.0,0.12080068067161476,0.12623356776410263,0.17546230368909033,0.8788300835654597,0.16633220822048014,0.01633220822048015,0.23547817081661007,0.11788034056311267,0.1459465872877524
log_kvrh,pnictide,8,20260732,6439810c9c60c5ec,equal_rank_hybrid,0.15,7674,1877,1436,True,0.9818859882791688,1.0,0.12080068067161476,0.12655940260049603,0.17546230368909033,0.841225626740947,0.17160093825404815,0.021600938254048158,0.2587969495603165,0.08738858702805002,0.14125067966099358
log_kvrh,pnictide,9,20260733,6439810c9c60c5ec,ensemble_std,0.15,7656,1895,1436,True,0.3100275033400316,1.0,0.12179436536914444,0.12708514901281992,0.1966907687610285,0.8732590529247911,0.15968978056821598,0.009689780568215983,0.43937332447483174,0.07612881270551586,0.13973956880747518
log_kvrh,pnictide,9,20260733,6439810c9c60c5ec,descriptor_distance,0.15,7656,1895,1436,True,24.74933517343087,1.0,0.12179436536914444,0.126890496695622,0.1966907687610285,0.9986072423398329,0.19596530669940426,0.04596530669940427,0.21070559689881802,0.12156644157997709,0.16651987675982158
log_kvrh,pnictide,9,20260733,6439810c9c60c5ec,equal_rank_hybrid,0.15,7656,1895,1436,True,0.9984168865435357,1.0,0.12179436536914443,0.126801909120985,0.1966907687610285,0.9442896935933147,0.17885346303132083,0.02885346303132083,0.43796335804564024,0.08706488257288694,0.14056458563731883
log_kvrh,chalcogenide,0,20260724,fc8616e128342ac6,ensemble_std,0.15,7896,2012,1079,True,0.32476873670035444,1.0,0.10874838409576643,0.11408780395981055,0.26114769443396957,0.9814643188137164,0.25769166869613713,0.10769166869613714,0.12915788587120727,0.07059417982323846,0.24353891637234976
log_kvrh,chalcogenide,0,20260724,fc8616e128342ac6,descriptor_distance,0.15,7896,2012,1079,True,35.53487606503203,1.0,0.10874838409576641,0.11446624170836031,0.26114769443396957,0.9962928637627433,0.26143065153585465,0.11143065153585466,0.19913156677474744,0.10463551168052744,0.21689689853967464
log_kvrh,chalcogenide,0,20260724,fc8616e128342ac6,equal_rank_hybrid,0.15,7896,2012,1079,True,0.9796222664015904,1.0,0.10874838409576643,0.11371016631885053,0.26114769443396957,0.7822057460611678,0.25448784181908873,0.10448784181908874,0.14238234229707122,0.07997151013057072,0.23693686507455175
log_kvrh,chalcogenide,1,20260725,fc8616e128342ac6,ensemble_std,0.15,7917,1991,1079,True,0.3433098480796594,1.0,0.11063561004709363,0.11572530464290677,0.2667830858459152,0.9990732159406858,0.26684881360327367,0.11684881360327368,0.03619489831115357,0.07012369334729941,0.2661548529690909
log_kvrh,chalcogenide,1,20260725,fc8616e128342ac6,descriptor_distance,0.15,7917,1991,1079,True,22.883600425339484,1.0,0.11063561004709363,0.11464015996829792,0.2667830858459152,0.9712696941612604,0.25740982191001444,0.10740982191001444,0.29911705053447607,0.11110125167670525,0.19646109433122488
log_kvrh,chalcogenide,1,20260725,fc8616e128342ac6,equal_rank_hybrid,0.15,7917,1991,1079,True,0.9881968859869412,1.0,0.11063561004709364,0.11575329234915145,0.2667830858459152,0.9666357738646896,0.2659769062365078,0.11597690623650783,0.05750225267466299,0.07952025799039344,0.2562947768117649
log_kvrh,chalcogenide,2,20260726,fc8616e128342ac6,ensemble_std,0.15,7932,1976,1079,True,0.2695130804736096,1.0,0.10954804288655473,0.11507328669274662,0.2624088021659344,0.93790546802595,0.2584825661537098,0.1084825661537098,0.18313594623971488,0.07223696720651274,0.23244546161435709
log_kvrh,chalcogenide,2,20260726,fc8616e128342ac6,descriptor_distance,0.15,7932,1976,1079,True,16.115736691715828,1.0,0.10954804288655473,0.11509083872633338,0.2624088021659344,0.8804448563484708,0.23804660641541223,0.08804660641541223,0.2027423410357337,0.10887690116854756,0.21938716355203375
log_kvrh,chalcogenide,2,20260726,fc8616e128342ac6,equal_rank_hybrid,0.15,7932,1976,1079,True,0.9767206477732794,1.0,0.10954804288655473,0.11500685160611233,0.2624088021659344,0.7432808155699722,0.24438209627615393,0.09438209627615393,0.19430870786597623,0.0809326883698793,0.22696307996075074
log_kvrh,chalcogenide,3,20260727,fc8616e128342ac6,ensemble_std,0.15,7903,2005,1079,True,0.44643036488887566,1.0,0.11693547238606244,0.12229705391433529,0.2709806729321013,0.974050046339203,0.26887094987821164,0.11887094987821165,0.19777830821334066,0.07444112501613592,0.25512430823942744
log_kvrh,chalcogenide,3,20260727,fc8616e128342ac6,descriptor_distance,0.15,7903,2005,1079,True,13.631257366571505,1.0,0.11693547238606244,0.12336511530543547,0.2709806729321013,0.8211306765523633,0.24688507189127773,0.09688507189127774,0.16068856381218988,0.11332305818927642,0.2303696464508805
log_kvrh,chalcogenide,3,20260727,fc8616e128342ac6,equal_rank_hybrid,0.15,7903,2005,1079,True,0.9900249376558603,1.0,0.11693547238606243,0.12266705471114857,0.2709806729321013,0.7256719184430028,0.25050223201586863,0.10050223201586864,0.20976318641753106,0.08333977763539724,0.24518742440981806
log_kvrh,chalcogenide,4,20260728,fc8616e128342ac6,ensemble_std,0.15,7942,1966,1079,True,0.29846559886614016,1.0,0.10671315171036815,0.1116108688365408,0.2762841663539497,0.7859128822984245,0.25626993042084073,0.10626993042084074,0.21942385772969397,0.06975957810672342,0.24818122869409176
log_kvrh,chalcogenide,4,20260728,fc8616e128342ac6,descriptor_distance,0.15,7942,1966,1079,True,37.0836823742494,1.0,0.10671315171036815,0.11187610068241184,0.2762841663539497,0.9962928637627433,0.2765397612449356,0.12653976124493563,0.14630463554696368,0.11229890475129886,0.23752554022469863
log_kvrh,chalcogenide,4,20260728,fc8616e128342ac6,equal_rank_hybrid,0.15,7942,1966,1079,True,0.9933875890132249,1.0,0.10671315171036815,0.11199817354674813,0.2762841663539497,0.7998146431881371,0.2577053161714608,0.10770531617146081,0.22631685605609114,0.07941900521174428,0.2424400327498896
log_kvrh,chalcogenide,5,20260729,fc8616e128342ac6,ensemble_std,0.15,7964,1944,1079,True,0.3192388156428555,1.0,0.11000167655571295,0.11554301581870886,0.2598819897428784,0.953660797034291,0.24836190182555481,0.09836190182555482,0.10888701837294232,0.07016046554667846,0.2555896385617232
log_kvrh,chalcogenide,5,20260729,fc8616e128342ac6,descriptor_distance,0.15,7964,1944,1079,True,22.42047072723104,1.0,0.11000167655571295,0.1156801514904906,0.2598819897428784,0.9860982391102873,0.2581843979879149,0.10818439798791493,0.11767416830654306,0.11001185933830226,0.23276040746017054
log_kvrh,chalcogenide,5,20260729,fc8616e128342ac6,equal_rank_hybrid,0.15,7964,1944,1079,True,0.9837962962962963,1.0,0.11000167655571295,0.11500483684157548,0.2598819897428784,0.7488415199258572,0.24545025535163073,0.09545025535163074,0.10670229219489663,0.07944284033057547,0.24943617458147102
log_kvrh,chalcogenide,6,20260730,fc8616e128342ac6,ensemble_std,0.15,7885,2023,1079,True,0.3341917602225069,1.0,0.11527608410882015,0.12113525961751936,0.24826040723203285,0.9916589434661723,0.24485204320580756,0.09485204320580756,0.07913876387042425,0.06994462764399277,0.25506148110955384
log_kvrh,chalcogenide,6,20260730,fc8616e128342ac6,descriptor_distance,0.15,7885,2023,1079,True,11.84437601246799,1.0,0.11527608410882015,0.12028054919921234,0.24826040723203285,0.706209453197405,0.22893256186840405,0.07893256186840406,0.136243571203457,0.12156268436280575,0.22281001673327622
log_kvrh,chalcogenide,6,20260730,fc8616e128342ac6,equal_rank_hybrid,0.15,7885,2023,1079,True,0.9760257043994068,1.0,0.11527608410882012,0.12049553270352374,0.24826040723203285,0.732159406858202,0.23825623210714242,0.08825623210714242,0.07586103197132571,0.08098285078169892,0.248179111084966
log_kvrh,chalcogenide,7,20260731,fc8616e128342ac6,ensemble_std,0.15,7932,1976,1079,True,0.3823989402159452,1.0,0.11384466038428025,0.11891662615643027,0.26291832498793033,0.9990732159406858,0.262690622378112,0.11269062237811203,0.13366295132231146,0.07673624566546881,0.24248198957745332
log_kvrh,chalcogenide,7,20260731,fc8616e128342ac6,descriptor_distance,0.15,7932,1976,1079,True,34.15453996769114,1.0,0.11384466038428023,0.11881777327095021,0.26291832498793033,0.995366079703429,0.2627463458130298,0.11274634581302981,0.19312752766940114,0.1185792918871698,0.22164293532375556
log_kvrh,chalcogenide,7,20260731,fc8616e128342ac6,equal_rank_hybrid,0.15,7932,1976,1079,True,0.9810222672064777,1.0,0.11384466038428025,0.11918960359155263,0.26291832498793033,0.7784986098239111,0.2506829874306619,0.10068298743066192,0.1415760461012151,0.08492478313819682,0.23837512749469109
log_kvrh,chalcogenide,8,20260732,fc8616e128342ac6,ensemble_std,0.15,7887,2021,1079,True,0.27601572802721436,1.0,0.11623657813340696,0.12170008704414947,0.2828150710814932,0.8100092678405931,0.2730473570861744,0.1230473570861744,0.17272122711145682,0.07329628973893192,0.27063397753241814
log_kvrh,chalcogenide,8,20260732,fc8616e128342ac6,descriptor_distance,0.15,7887,2021,1079,True,10.539965215268904,1.0,0.11623657813340696,0.12257279621991926,0.2828150710814932,0.6626506024096386,0.25021266279847354,0.10021266279847355,0.18095383354925715,0.11970625967061503,0.23712877963591372
log_kvrh,chalcogenide,8,20260732,fc8616e128342ac6,equal_rank_hybrid,0.15,7887,2021,1079,True,0.9901039089559623,1.0,0.11623657813340693,0.12238988566196853,0.2828150710814932,0.7747914735866543,0.2757301257240116,0.12573012572401163,0.18409318979903833,0.08313261580608286,0.2565065460898467
log_kvrh,chalcogenide,9,20260733,fc8616e128342ac6,ensemble_std,0.15,7930,1978,1079,True,0.35128013054161655,1.0,0.10809064960536224,0.11322547485153066,0.258050107586325,1.0,0.258050107586325,0.10805010758632502,0.10937511287654343,0.07180803804699286,0.2416623106430265
log_kvrh,chalcogenide,9,20260733,fc8616e128342ac6,descriptor_distance,0.15,7930,1978,1079,True,19.92896937957052,1.0,0.10809064960536224,0.11348627524210005,0.258050107586325,0.9610750695088045,0.25245128304377784,0.10245128304377785,0.2058687042901127,0.10361714137358827,0.20849287773467218
log_kvrh,chalcogenide,9,20260733,fc8616e128342ac6,equal_rank_hybrid,0.15,7930,1978,1079,True,0.9916582406471184,1.0,0.10809064960536226,0.11331009221437147,0.258050107586325,0.881371640407785,0.24891239354961184,0.09891239354961184,0.14312320333866224,0.0781699593735523,0.23362593733664636
log_kvrh,halide,0,20260724,640d113abc97fc47,ensemble_std,0.15,8065,2038,884,True,0.2885732200382397,1.0,0.11252750837737296,0.1184595783807569,0.39503553179218864,0.6640271493212669,0.3637000981538254,0.21370009815382543,0.18186101182280942,0.07349156955972486,0.402017484251706
log_kvrh,halide,0,20260724,640d113abc97fc47,descriptor_distance,0.15,8065,2038,884,True,17.364040913790557,1.0,0.11252750837737294,0.11749989642639871,0.39503553179218864,0.8857466063348416,0.3480197135356643,0.1980197135356643,0.024730090621408973,0.11412339519462955,0.38867121708305635
log_kvrh,halide,0,20260724,640d113abc97fc47,equal_rank_hybrid,0.15,8065,2038,884,True,0.9796368989205102,1.0,0.11252750837737296,0.1174309336053184,0.39503553179218864,0.8065610859728507,0.39414886777241775,0.24414886777241776,-0.04179744572768956,0.08226760264595318,0.4194049835857333
log_kvrh,halide,1,20260725,640d113abc97fc47,ensemble_std,0.15,8097,2006,884,True,0.3605246246944942,1.0,0.1062999725934195,0.11063794690787282,0.3450660268865588,0.9920814479638009,0.34490177377314835,0.19490177377314835,0.14103451965872976,0.07092397828846023,0.3323078254410827
log_kvrh,halide,1,20260725,640d113abc97fc47,descriptor_distance,0.15,8097,2006,884,True,24.776772032299007,1.0,0.1062999725934195,0.11097539243740892,0.3450660268865588,0.995475113122172,0.34303600242532534,0.19303600242532534,0.298893932356264,0.11153835650961841,0.25921596270687763
log_kvrh,halide,1,20260725,640d113abc97fc47,equal_rank_hybrid,0.15,8097,2006,884,True,0.9770687936191426,1.0,0.1062999725934195,0.1116510334829345,0.3450660268865588,0.8563348416289592,0.33216045173766745,0.18216045173766746,0.23833601264640975,0.07930670951533081,0.2982197216114336
log_kvrh,halide,2,20260726,640d113abc97fc47,ensemble_std,0.15,8061,2042,884,True,0.3101911612215951,1.0,0.10971609117476684,0.11398191668634296,0.3940793018285696,0.9049773755656109,0.3943308635448299,0.24433086354482988,0.214515209361412,0.07299012718629364,0.3332201059002362
log_kvrh,halide,2,20260726,640d113abc97fc47,descriptor_distance,0.15,8061,2042,884,True,23.584226067851993,1.0,0.10971609117476683,0.11412562057135928,0.3940793018285696,0.994343891402715,0.39174246061408774,0.24174246061408775,0.00536804005167317,0.11574228800195657,0.3966935243643406
log_kvrh,halide,2,20260726,640d113abc97fc47,equal_rank_hybrid,0.15,8061,2042,884,True,0.988001958863859,1.0,0.10971609117476684,0.11472803709047569,0.3940793018285696,0.9377828054298643,0.38863953206617063,0.23863953206617064,0.10973661072989224,0.08256044922107,0.357396656639841
log_kvrh,halide,3,20260727,640d113abc97fc47,ensemble_std,0.15,8102,2001,884,True,0.2830344146494139,1.0,0.10656195703051978,0.11170668650167928,0.40995966825429414,0.8076923076923077,0.40695359449759305,0.25695359449759303,0.19217706087956796,0.07009957816716436,0.35982142907897974
log_kvrh,halide,3,20260727,640d113abc97fc47,descriptor_distance,0.15,8102,2001,884,True,32.081407985708594,1.0,0.10656195703051978,0.11142073857999929,0.40995966825429414,0.998868778280543,0.40925433340354805,0.2592543334035481,0.051756677578005256,0.09879765299781021,0.3910869674068155
log_kvrh,halide,3,20260727,640d113abc97fc47,equal_rank_hybrid,0.15,8102,2001,884,True,0.9895052473763118,1.0,0.1065619570305198,0.11184337937050283,0.40995966825429414,0.9242081447963801,0.4027487514526476,0.25274875145264764,0.13851914098439974,0.0739680419186205,0.3641203858428014
log_kvrh,halide,4,20260728,640d113abc97fc47,ensemble_std,0.15,8053,2050,884,True,0.40907816199219454,1.0,0.11331441866960977,0.11824011904660553,0.3489033278859475,0.9864253393665159,0.34703749523220195,0.19703749523220196,-0.11720070253849635,0.07153682189129987,0.390505151307917
log_kvrh,halide,4,20260728,640d113abc97fc47,descriptor_distance,0.15,8053,2050,884,True,37.22406079011515,1.0,0.11331441866960978,0.11841900786518651,0.3489033278859475,0.998868778280543,0.34813316379776515,0.19813316379776516,0.3738777467504073,0.11307512182257848,0.24996757599334787
log_kvrh,halide,4,20260728,640d113abc97fc47,equal_rank_hybrid,0.15,8053,2050,884,True,0.9858536585365854,1.0,0.11331441866960976,0.11842592211097196,0.3489033278859475,0.8959276018099548,0.3315627223221305,0.18156272232213053,0.09682602751546628,0.08187888464164514,0.3427793895720667
log_kvrh,halide,5,20260729,640d113abc97fc47,ensemble_std,0.15,8041,2062,884,True,0.4239092235132074,1.0,0.11185745286385984,0.11720952546431883,0.40269939681307554,0.9932126696832579,0.40366426336939926,0.2536642633693993,0.22132895443123562,0.07587559089108678,0.3816316577351495
log_kvrh,halide,5,20260729,640d113abc97fc47,descriptor_distance,0.15,8041,2062,884,True,21.733521513411123,1.0,0.11185745286385985,0.11787778925354934,0.40269939681307554,0.9140271493212669,0.3627070872201853,0.2127070872201853,0.0056611684969494975,0.11912633248983663,0.40348132880433263
log_kvrh,halide,5,20260729,640d113abc97fc47,equal_rank_hybrid,0.15,8041,2062,884,True,0.9725994180407371,1.0,0.11185745286385987,0.11691822860881401,0.40269939681307554,0.8540723981900452,0.391146577445322,0.241146577445322,0.007071739565935756,0.08440739144760931,0.40060226608099714
log_kvrh,halide,6,20260730,640d113abc97fc47,ensemble_std,0.15,8074,2029,884,True,0.37293795628005755,1.0,0.10982572988664431,0.11464705796950603,0.38229237061628024,0.9909502262443439,0.37991744094279467,0.22991744094279468,0.18325532229304312,0.0731352574709632,0.32118703397666293
log_kvrh,halide,6,20260730,640d113abc97fc47,descriptor_distance,0.15,8074,2029,884,True,11.181248041761364,1.0,0.10982572988664431,0.11484220151712829,0.38229237061628024,0.8800904977375565,0.34904161704418196,0.19904161704418197,-0.01961566183148708,0.11122759200179642,0.39563960877959314
log_kvrh,halide,6,20260730,640d113abc97fc47,equal_rank_hybrid,0.15,8074,2029,884,True,0.9928536224741252,1.0,0.10982572988664431,0.11532056274015325,0.38229237061628024,0.9276018099547512,0.3697941474487275,0.21979414744872752,0.13369031640129725,0.07921971088270911,0.3426712689771515
log_kvrh,halide,7,20260731,640d113abc97fc47,ensemble_std,0.15,8085,2018,884,True,0.29534263676920613,1.0,0.10801941291726497,0.11287297636397621,0.4084604163048498,0.9694570135746606,0.4065890552474658,0.2565890552474658,-0.010345782592361588,0.0713788715035754,0.42053541081674695
log_kvrh,halide,7,20260731,640d113abc97fc47,descriptor_distance,0.15,8085,2018,884,True,28.849887342807747,1.0,0.10801941291726497,0.11274794526417721,0.4084604163048498,0.997737556561086,0.40703405371217766,0.2570340537121777,-0.01358955991956328,0.10893189033239033,0.41302033644557984
log_kvrh,halide,7,20260731,640d113abc97fc47,equal_rank_hybrid,0.15,8085,2018,884,True,0.9913280475718533,1.0,0.10801941291726497,0.11315071854074334,0.4084604163048498,0.9298642533936652,0.4087041239307706,0.2587041239307706,-0.10614487932809649,0.0798648193990146,0.4272771313522882
log_kvrh,halide,8,20260732,640d113abc97fc47,ensemble_std,0.15,8039,2064,884,True,0.40517507729881264,1.0,0.10830115470512834,0.11285189512335916,0.4270342765547849,1.0,0.4270342765547849,0.27703427655478485,0.21422191707264707,0.07111346645061026,0.38275725309703684
log_kvrh,halide,8,20260732,640d113abc97fc47,descriptor_distance,0.15,8039,2064,884,True,14.359983689828468,1.0,0.10830115470512833,0.11342595762265187,0.4270342765547849,0.915158371040724,0.39203877988448194,0.24203877988448194,-0.0031357422138990135,0.11206554513064759,0.4332621438580012
log_kvrh,halide,8,20260732,640d113abc97fc47,equal_rank_hybrid,0.15,8039,2064,884,True,0.9917635658914729,1.0,0.10830115470512833,0.11282422813623305,0.4270342765547849,0.9660633484162896,0.41985498840492697,0.26985498840492694,0.08844918267253014,0.0810734767234285,0.396567596804956
log_kvrh,halide,9,20260733,640d113abc97fc47,ensemble_std,0.15,8077,2026,884,True,0.3177906005729293,1.0,0.1074780484404832,0.11326915739443183,0.4013849894855736,0.9445701357466063,0.39771637502682916,0.24771637502682917,0.20444576055808644,0.07356348296560779,0.3677358723895023
log_kvrh,halide,9,20260733,640d113abc97fc47,descriptor_distance,0.15,8077,2026,884,True,28.839742541745434,1.0,0.1074780484404832,0.11366010447162232,0.4013849894855736,0.9355203619909502,0.36512641974238297,0.21512641974238297,0.009944766189932893,0.10830738328070118,0.4058870040752851
log_kvrh,halide,9,20260733,640d113abc97fc47,equal_rank_hybrid,0.15,8077,2026,884,True,0.9807502467917077,1.0,0.10747804844048321,0.11343179652163422,0.4013849894855736,0.8031674208144797,0.39564776798767853,0.24564776798767854,0.030117526634853616,0.08040894356442506,0.3892149127923604
