task,shift_type,holdout,repeat,policy,epsilon,n_train,n_calibration,n_ood,policy_constructed,calibration_coverage,calibration_ucb95,ood_coverage,ood_retained_mae,risk_violation,ood_spearman,shift_median_distance,threshold
expt_gap,element,O,0,rf_ensemble_std,0.5,2811,703,1090,True,1.0,0.4703212021867065,1.0,1.490381174558739,0.990381174558739,0.4245221744471985,4.140296167726285,2.0933068647507773
expt_gap,element,O,0,quantile_width,0.5,2811,703,1090,True,0.7197724039829303,0.49630153931909776,0.9724770642201835,1.5456886792452829,1.0456886792452829,0.2004769693860323,4.140296167726285,2.294774207518591
expt_gap,element,O,0,descriptor_distance,0.5,2811,703,1090,True,1.0,0.4626052882994914,1.0,1.490381174558739,0.990381174558739,-0.055128633052759,4.140296167726285,11.660809280799555
expt_gap,element,O,0,rf_distance_hybrid,0.5,2811,703,1090,True,1.0,0.4690922041153048,1.0,1.490381174558739,0.990381174558739,0.3520432461767266,4.140296167726285,0.9765291607396871
expt_gap,element,O,1,rf_ensemble_std,0.5,2811,703,1090,True,1.0,0.39868992195584485,1.0,1.4826447312697495,0.9826447312697495,0.470862809124414,4.134244401991241,2.535348062994484
expt_gap,element,O,1,quantile_width,0.5,2811,703,1090,True,0.7197724039829303,0.4547009411810745,0.9623853211009175,1.528169685414681,1.028169685414681,0.22992911956948814,4.134244401991241,2.253376874299714
expt_gap,element,O,1,descriptor_distance,0.5,2811,703,1090,True,1.0,0.3976478692478027,1.0,1.4826447312697495,0.9826447312697495,-0.06941588797943314,4.134244401991241,12.722354281315416
expt_gap,element,O,1,rf_distance_hybrid,0.5,2811,703,1090,True,1.0,0.3935480161788883,1.0,1.4826447312697495,0.9826447312697495,0.41404346727386954,4.134244401991241,0.9900426742532006
expt_gap,element,O,2,rf_ensemble_std,0.5,2811,703,1090,True,1.0,0.3985749930305811,1.0,1.4915373302766526,0.9915373302766526,0.4275927373955497,4.164053014644758,2.3774701054210876
expt_gap,element,O,2,quantile_width,0.5,2811,703,1090,True,0.7596017069701281,0.49399289759751525,0.9669724770642202,1.5297248576850093,1.0297248576850093,0.19167517390579528,4.164053014644758,2.355080196307205
expt_gap,element,O,2,descriptor_distance,0.5,2811,703,1090,True,1.0,0.401897405151731,1.0,1.4915373302766526,0.9915373302766526,-0.10453018596683306,4.164053014644758,11.467408662185768
expt_gap,element,O,2,rf_distance_hybrid,0.5,2811,703,1090,True,1.0,0.3975277152149008,1.0,1.4915373302766526,0.9915373302766526,0.3696807579915511,4.164053014644758,0.9893314366998578
expt_gap,element,Se,0,rf_ensemble_std,0.5,3143,785,676,True,0.9796178343949045,0.48350769453926135,0.9985207100591716,0.9856518323285272,0.48565183232852716,-0.008385813782821772,3.206006197797725,1.0264245013041824
expt_gap,element,Se,0,quantile_width,0.5,3143,785,676,True,0.7197452229299363,0.46712477876106184,0.9171597633136095,1.3486451612903225,0.8486451612903225,0.48016470663215405,3.206006197797725,2.6624175853438197
expt_gap,element,Se,0,descriptor_distance,0.5,3143,785,676,False,0.0,,0.0,,,0.030004807756865582,3.206006197797725,
expt_gap,element,Se,0,rf_distance_hybrid,0.5,3143,785,676,True,0.9796178343949045,0.4851834270960549,1.0,0.9880429681389165,0.48804296813891646,0.02462174557180348,3.206006197797725,0.8904458598726115
expt_gap,element,Se,1,rf_ensemble_std,0.5,3143,785,676,True,0.9592356687898089,0.475861529464114,0.9600591715976331,0.999090389393213,0.49909038939321304,0.040735480818117537,3.1585195979716696,0.7787884814300375
expt_gap,element,Se,1,quantile_width,0.5,3143,785,676,True,0.759235668789809,0.47697818791946306,0.9230769230769231,1.348397435897436,0.848397435897436,0.4604999577927952,3.1585195979716696,2.8256525269178647
expt_gap,element,Se,1,descriptor_distance,0.5,3143,785,676,True,0.21910828025477708,0.4712885068808694,0.07248520710059171,0.7265355244041506,0.2265355244041506,0.031014598726536228,3.1585195979716696,1.978145575769696
expt_gap,element,Se,1,rf_distance_hybrid,0.5,3143,785,676,True,0.9592356687898089,0.49723427511053014,0.9940828402366864,1.001703058314229,0.501703058314229,0.07602068322999535,3.1585195979716696,0.8184713375796178
expt_gap,element,Se,2,rf_ensemble_std,0.5,3143,785,676,True,0.9796178343949045,0.4715786078744456,0.9970414201183432,0.9669278800658347,0.46692788006583474,0.056614784810004176,3.171635031039445,0.9702723939223233
expt_gap,element,Se,2,quantile_width,0.5,3143,785,676,True,0.8,0.49167754777070055,0.9334319526627219,1.3664342313787639,0.8664342313787639,0.5051265873215969,3.171635031039445,3.0542098250833516
expt_gap,element,Se,2,descriptor_distance,0.5,3143,785,676,True,0.21910828025477708,0.4609381312894376,0.06360946745562131,0.719736439139833,0.21973643913983298,-0.0059316272713613,3.171635031039445,1.8695056300546211
expt_gap,element,Se,2,rf_distance_hybrid,0.5,3143,785,676,True,0.9796178343949045,0.45979200253713776,1.0,0.9693591996806544,0.4693591996806544,0.06156343565279534,3.171635031039445,0.8528662420382165
expt_gap,element,S,0,rf_ensemble_std,0.5,3160,792,652,True,0.9797979797979798,0.4676626905858486,1.0,1.3554535814388173,0.8554535814388173,-0.0027717134590687165,3.428063473845577,0.9278464064249318
expt_gap,element,S,0,quantile_width,0.5,3160,792,652,True,0.8194444444444444,0.4968597842835131,0.9800613496932515,1.7424413145539908,1.2424413145539908,0.2812798115329853,3.428063473845577,2.8058068448281714
expt_gap,element,S,0,descriptor_distance,0.5,3160,792,652,True,0.9797979797979798,0.48661893336144774,1.0,1.3554535814388173,0.8554535814388173,0.03814177858692926,3.428063473845577,7.960829659651156
expt_gap,element,S,0,rf_distance_hybrid,0.5,3160,792,652,True,0.9797979797979798,0.48298589002065334,0.9984662576687117,1.354240507758603,0.854240507758603,0.021331626449508832,3.428063473845577,0.8579545454545454
expt_gap,element,S,1,rf_ensemble_std,0.5,3162,790,652,True,0.979746835443038,0.48744724746117074,1.0,1.392015372032133,0.8920153720321331,0.042280193361979156,3.407574602101854,0.9153279559793351
expt_gap,element,S,1,quantile_width,0.5,3162,790,652,True,0.779746835443038,0.4808011363636363,0.9723926380368099,1.7458832807570979,1.2458832807570979,0.3231554776236042,3.407574602101854,2.4755911832672868
expt_gap,element,S,1,descriptor_distance,0.5,3162,790,652,False,0.0,,0.0,,,0.050161732161217824,3.407574602101854,
expt_gap,element,S,1,rf_distance_hybrid,0.5,3162,790,652,True,0.979746835443038,0.49448894177975017,0.9984662576687117,1.3909563413970423,0.8909563413970423,0.07093445686843404,3.407574602101854,0.8708860759493671
expt_gap,element,S,2,rf_ensemble_std,0.5,3162,790,652,True,0.979746835443038,0.46308366851981303,0.9923312883435583,1.3507381315375153,0.8507381315375153,0.016186784626458294,3.3673176552317736,0.9070795318507086
expt_gap,element,S,2,quantile_width,0.5,3162,790,652,True,0.779746835443038,0.4626875,0.9662576687116564,1.7437460317460316,1.2437460317460316,0.3342203756630803,3.3673176552317736,2.5389310006859227
expt_gap,element,S,2,descriptor_distance,0.5,3162,790,652,True,0.23924050632911392,0.4828554719799286,0.046012269938650305,0.6425871613062862,0.14258716130628624,0.021705883725142865,3.3673176552317736,1.7886021842102335
expt_gap,element,S,2,rf_distance_hybrid,0.5,3162,790,652,True,0.979746835443038,0.4871916530402632,1.0,1.3436046744960721,0.8436046744960721,0.026517011172514333,3.3673176552317736,0.8746835443037975
expt_gap,element,Te,0,rf_ensemble_std,0.5,3348,838,418,True,0.9391408114558473,0.4869197362071928,0.9736842105263158,0.6955640144184807,0.1955640144184807,0.03868626753562038,2.801611106376662,0.6610638713886801
expt_gap,element,Te,0,quantile_width,0.5,3348,838,418,True,0.6599045346062052,0.4735443970910227,0.8636363636363636,0.8741828254847647,0.37418282548476467,0.5080435458936129,2.801611106376662,2.4000117381871524
expt_gap,element,Te,0,descriptor_distance,0.5,3348,838,418,False,0.0,,0.0,,,0.020502604645503422,2.801611106376662,
expt_gap,element,Te,0,rf_distance_hybrid,0.5,3348,838,418,True,0.9200477326968973,0.49914069056165855,0.9832535885167464,0.6984397331888548,0.19843973318885477,0.053447000689029224,2.801611106376662,0.7488066825775657
expt_gap,element,Te,1,rf_ensemble_std,0.5,3349,837,418,True,0.9390681003584229,0.4915852754053488,0.9641148325358851,0.7200066266932774,0.22000662669327742,0.20356890929326762,2.790046095610034,0.653583304581427
expt_gap,element,Te,1,quantile_width,0.5,3349,837,418,True,0.6798088410991637,0.4947732864674867,0.854066985645933,0.8710364145658265,0.3710364145658265,0.4689307834279098,2.790046095610034,2.4366619763612887
expt_gap,element,Te,1,descriptor_distance,0.5,3349,837,418,False,0.0,,0.0,,,-0.011605912754584531,2.790046095610034,
expt_gap,element,Te,1,rf_distance_hybrid,0.5,3349,837,418,True,0.899641577060932,0.4882450640053163,0.9688995215311005,0.696264209665318,0.196264209665318,0.17428184659905696,2.790046095610034,0.7317801672640383
expt_gap,element,Te,2,rf_ensemble_std,0.5,3349,837,418,True,0.9199522102747909,0.48903380240999356,0.9569377990430622,0.7082027567924465,0.2082027567924465,0.29292969434164123,2.7114332720909173,0.5929903074753453
expt_gap,element,Te,2,quantile_width,0.5,3349,837,418,True,0.6391875746714456,0.47854392523364486,0.8564593301435407,0.8687709497206704,0.36877094972067037,0.5190111075436301,2.7114332720909173,2.3753500763786524
expt_gap,element,Te,2,descriptor_distance,0.5,3349,837,418,True,0.24014336917562723,0.4648687865517569,0.1937799043062201,0.804439599403864,0.304439599403864,-0.030869753333604782,2.7114332720909173,1.964105681002172
expt_gap,element,Te,2,rf_distance_hybrid,0.5,3349,837,418,True,0.9199522102747909,0.49434440967155885,0.9856459330143541,0.7329140546277171,0.23291405462771708,0.2559047724226967,2.7114332720909173,0.7526881720430108
expt_gap,element,Cu,0,rf_ensemble_std,0.5,3371,843,390,True,0.9798339264531435,0.48440378752988017,0.9769230769230769,0.7047478876070203,0.20474788760702034,0.6762428798481179,2.8490500592553456,0.923630544685968
expt_gap,element,Cu,0,quantile_width,0.5,3371,843,390,True,0.6998813760379596,0.4929110169491525,0.6410256410256411,0.6040399999999999,0.10403999999999991,0.3555052475046268,2.8490500592553456,2.507520421660197
expt_gap,element,Cu,0,descriptor_distance,0.5,3371,843,390,False,0.0,,0.0,,,-0.24416644117057942,2.8490500592553456,
expt_gap,element,Cu,0,rf_distance_hybrid,0.5,3371,843,390,True,0.9596678529062871,0.4996315158415008,0.9923076923076923,0.7429107961995084,0.2429107961995084,0.4910069119333478,2.8490500592553456,0.8131672597864769
expt_gap,element,Cu,1,rf_ensemble_std,0.5,3371,843,390,True,0.9798339264531435,0.4890718657881376,0.9846153846153847,0.6961092355994628,0.1961092355994628,0.6436888820444938,2.8138144705390298,0.9534288128147209
expt_gap,element,Cu,1,quantile_width,0.5,3371,843,390,True,0.6797153024911032,0.4996282722513089,0.6358974358974359,0.6105241935483869,0.11052419354838694,0.3108925027432717,2.8138144705390298,2.5162107277261736
expt_gap,element,Cu,1,descriptor_distance,0.5,3371,843,390,True,0.23962040332147094,0.49806630533656565,0.23846153846153847,0.6066493409882031,0.10664934098820311,-0.201263384024544,2.8138144705390298,1.8773382598209727
expt_gap,element,Cu,1,rf_distance_hybrid,0.5,3371,843,390,True,0.9395017793594306,0.49164613124453993,0.9794871794871794,0.7031591554233515,0.2031591554233515,0.5161280704487781,2.8138144705390298,0.7811387900355873
expt_gap,element,Cu,2,rf_ensemble_std,0.5,3370,844,390,True,0.9597156398104265,0.49512905874424457,0.958974358974359,0.6327510764218967,0.13275107642189665,0.6481314669833038,2.8283550610532284,0.8376046110840454
expt_gap,element,Cu,2,quantile_width,0.5,3370,844,390,True,0.659952606635071,0.49654398563734287,0.5743589743589743,0.5183928571428571,0.0183928571428571,0.37515114772409386,2.8283550610532284,2.4442146526804067
expt_gap,element,Cu,2,descriptor_distance,0.5,3370,844,390,True,0.20023696682464456,0.4842678175807639,0.13333333333333333,0.7115662200583195,0.2115662200583195,-0.19802325855609582,2.8283550610532284,1.6144029593661666
expt_gap,element,Cu,2,rf_distance_hybrid,0.5,3370,844,390,True,0.919431279620853,0.47946390261228267,0.9769230769230769,0.6824224370704056,0.18242243707040562,0.5001643300646246,2.8283550610532284,0.7606635071090047
expt_gap,element,Ga,0,rf_ensemble_std,0.5,3387,846,371,True,0.9598108747044918,0.49013159910376075,0.9919137466307277,0.6356404413115448,0.13564044131154485,0.5899027358262577,2.884497873340329,0.7154447235359584
expt_gap,element,Ga,0,quantile_width,0.5,3387,846,371,True,0.6997635933806147,0.4761216216216217,0.8194070080862533,1.2186842105263158,0.7186842105263158,0.832321910700119,2.884497873340329,2.4274387209697075
expt_gap,element,Ga,0,descriptor_distance,0.5,3387,846,371,False,0.0,,0.0,,,-0.20557382776183541,2.884497873340329,
expt_gap,element,Ga,0,rf_distance_hybrid,0.5,3387,846,371,True,0.9397163120567376,0.49360159658482206,0.9919137466307277,0.6418703943176646,0.14187039431766457,0.43006860740037317,2.884497873340329,0.7594562647754137
expt_gap,element,Ga,1,rf_ensemble_std,0.5,3386,847,371,True,0.9598583234946871,0.4996276353211037,0.9946091644204852,0.6016490635528896,0.1016490635528896,0.5550436524167655,2.941656599505845,0.7442927339629676
expt_gap,element,Ga,1,quantile_width,0.5,3386,847,371,True,0.7001180637544274,0.4633184463447427,0.8571428571428571,1.2835220125786162,0.7835220125786162,0.8259942666662436,2.941656599505845,2.420165593713344
expt_gap,element,Ga,1,descriptor_distance,0.5,3386,847,371,False,0.0,,0.0,,,-0.18804703522543828,2.941656599505845,
expt_gap,element,Ga,1,rf_distance_hybrid,0.5,3386,847,371,True,0.8996458087367178,0.4875698711269157,0.9784366576819407,0.606629357076095,0.106629357076095,0.39852469528805856,2.941656599505845,0.7278630460448643
expt_gap,element,Ga,2,rf_ensemble_std,0.5,3387,846,371,True,0.9397163120567376,0.4747216031553175,0.9865229110512129,0.5956198095467455,0.09561980954674554,0.5883127166138717,2.9390985438575226,0.6184259647312043
expt_gap,element,Ga,2,quantile_width,0.5,3387,846,371,True,0.7198581560283688,0.4911609195402299,0.8544474393530997,1.2523028391167192,0.7523028391167192,0.8161174875040542,2.9390985438575226,2.516434190249052
expt_gap,element,Ga,2,descriptor_distance,0.5,3387,846,371,False,0.0,,0.0,,,-0.2091583914650645,2.9390985438575226,
expt_gap,element,Ga,2,rf_distance_hybrid,0.5,3387,846,371,True,0.9196217494089834,0.49529410595954587,0.9892183288409704,0.6089541509121471,0.10895415091214711,0.4071232698148632,2.9390985438575226,0.739952718676123
expt_gap,cluster,C0,0,rf_ensemble_std,0.5,2760,691,1153,True,1.0,0.44460709068559884,1.0,2.180034119731194,1.6800341197311939,0.35586829934971353,6.834007415680611,4.233469004158957
expt_gap,cluster,C0,0,quantile_width,0.5,2760,691,1153,True,0.7395079594790159,0.49794602087410306,0.08065915004336513,0.5333333333333333,0.033333333333333326,0.05451314670036942,6.834007415680611,2.236421749720605
expt_gap,cluster,C0,0,descriptor_distance,0.5,2760,691,1153,True,1.0,0.4375658685266681,0.9696444058976583,2.174108519737733,1.6741085197377328,0.11682782626886684,6.834007415680611,10.715840505728883
expt_gap,cluster,C0,0,rf_distance_hybrid,0.5,2760,691,1153,True,1.0,0.43144550784295477,0.9991326973113617,2.1766618328189145,1.6766618328189145,0.35523711855033474,6.834007415680611,0.9934876989869754
expt_gap,cluster,C0,1,rf_ensemble_std,0.5,2761,690,1153,True,1.0,0.3602248221947385,0.9991326973113617,2.276158152999111,1.7761581529991108,0.4457071858579468,8.036750570243862,1.3761889982107085
expt_gap,cluster,C0,1,quantile_width,0.5,2761,690,1153,True,0.7797101449275362,0.4513457249070631,0.09366869037294015,0.8297222222222222,0.32972222222222225,0.2756903084064158,8.036750570243862,2.3195681027621156
expt_gap,cluster,C0,1,descriptor_distance,0.5,2761,690,1153,True,1.0,0.3634666980290251,0.9783174327840416,2.2803978347129417,1.7803978347129417,0.19321040338158135,8.036750570243862,10.901892936951432
expt_gap,cluster,C0,1,rf_distance_hybrid,0.5,2761,690,1153,True,1.0,0.3587070768164727,0.9930615784908933,2.2765963142923344,1.7765963142923344,0.43548057760839676,8.036750570243862,0.9855072463768116
expt_gap,cluster,C0,2,rf_ensemble_std,0.5,2761,690,1153,True,1.0,0.4172437920592866,0.9991326973113617,2.3835436662047287,1.8835436662047287,-0.09157877716759724,6.955825440241881,2.216022327703388
expt_gap,cluster,C0,2,quantile_width,0.5,2761,690,1153,True,0.7391304347826086,0.4709970588235293,0.07025151777970512,0.4837037037037037,-0.01629629629629631,0.13371148790333065,6.955825440241881,2.3021953984380508
expt_gap,cluster,C0,2,descriptor_distance,0.5,2761,690,1153,True,1.0,0.40584806057431405,0.9904596704249783,2.3874038670768054,1.8874038670768054,0.14296071194754512,6.955825440241881,11.271188484482131
expt_gap,cluster,C0,2,rf_distance_hybrid,0.5,2761,690,1153,True,1.0,0.41280376800647517,0.9661751951431049,2.373825991280995,1.8738259912809951,-0.04621811178847755,6.955825440241881,0.9891304347826086
expt_gap,cluster,C1,0,rf_ensemble_std,0.5,3230,807,567,True,0.9789343246592317,0.499003395971831,0.9982363315696648,0.7570966192683984,0.25709661926839844,-0.02083445282132549,9.208023780803298,0.9541685348578754
expt_gap,cluster,C1,0,quantile_width,0.5,3230,807,567,True,0.7199504337050805,0.4591936316695353,0.9911816578483245,1.3419572953736656,0.8419572953736656,0.47913653196981737,9.208023780803298,2.6849565983892125
expt_gap,cluster,C1,0,descriptor_distance,0.5,3230,807,567,False,0.0,,0.0,,,0.07376682156426205,9.208023780803298,
expt_gap,cluster,C1,0,rf_distance_hybrid,0.5,3230,807,567,True,0.9392812887236679,0.48922434253001507,0.04056437389770723,0.6054492105797596,0.10544921057975964,-0.005672558719259917,9.208023780803298,0.7552664188351921
expt_gap,cluster,C1,1,rf_ensemble_std,0.5,3230,807,567,True,0.9591078066914498,0.4839082112363435,1.0,0.7695442627589542,0.26954426275895416,-0.044091674940542266,10.345242836800352,0.7569071985157633
expt_gap,cluster,C1,1,quantile_width,0.5,3230,807,567,True,0.7397769516728625,0.47718676716917924,0.9982363315696648,1.3440282685512368,0.8440282685512368,0.4407455836774795,10.345242836800352,2.763623918723287
expt_gap,cluster,C1,1,descriptor_distance,0.5,3230,807,567,False,0.0,,0.0,,,0.15769522592519675,10.345242836800352,
expt_gap,cluster,C1,1,rf_distance_hybrid,0.5,3230,807,567,True,0.919454770755886,0.4899326395981421,0.13756613756613756,0.8002467907341945,0.30024679073419447,-0.0301770916369455,10.345242836800352,0.7354399008674102
expt_gap,cluster,C1,2,rf_ensemble_std,0.5,3229,808,567,True,1.0,0.4996324431230994,1.0,0.7663419111992317,0.2663419111992317,-0.23890963063919018,9.087902312529577,1.7542283536853955
expt_gap,cluster,C1,2,quantile_width,0.5,3229,808,567,True,0.7599009900990099,0.48857432591944194,0.9982363315696648,1.3440282685512368,0.8440282685512368,0.47071515405890113,9.087902312529577,2.928608216805837
expt_gap,cluster,C1,2,descriptor_distance,0.5,3229,808,567,True,1.0,0.49836065914582206,0.9523809523809523,0.7548138994513777,0.25481389945137767,0.06416863970461009,9.087902312529577,12.843397044957342
expt_gap,cluster,C1,2,rf_distance_hybrid,0.5,3229,808,567,True,1.0,0.4919829244438299,1.0,0.7663419111992317,0.2663419111992317,-0.20312805670620163,9.087902312529577,0.9956683168316831
expt_gap,cluster,C2,0,rf_ensemble_std,0.5,3207,801,596,True,0.9400749063670412,0.4750227828260086,0.9865771812080537,1.1996584227225668,0.6996584227225668,0.052685100083651036,7.3172008706300335,0.6370406978422304
expt_gap,cluster,C2,0,quantile_width,0.5,3207,801,596,True,0.7602996254681648,0.47146633825944173,0.9848993288590604,1.8139352640545143,1.3139352640545143,0.3240064058814914,7.3172008706300335,2.478627477380424
expt_gap,cluster,C2,0,descriptor_distance,0.5,3207,801,596,False,0.0,,0.0,,,-0.0962610137669755,7.3172008706300335,
expt_gap,cluster,C2,0,rf_distance_hybrid,0.5,3207,801,596,True,0.9600499375780275,0.497698495026377,0.5453020134228188,1.2046520154282458,0.7046520154282458,0.020665738244227204,7.3172008706300335,0.8083645443196006
expt_gap,cluster,C2,1,rf_ensemble_std,0.5,3206,802,596,True,1.0,0.4639402993640477,1.0,1.2123432141935657,0.7123432141935657,-0.033122969682800166,7.288775301094887,3.239447584453565
expt_gap,cluster,C2,1,quantile_width,0.5,3206,802,596,True,0.8391521197007481,0.4921963799264134,0.9983221476510067,1.815731092436975,1.315731092436975,0.36679287443988995,7.288775301094887,3.0943293588301928
expt_gap,cluster,C2,1,descriptor_distance,0.5,3206,802,596,True,1.0,0.45985441373965674,0.9546979865771812,1.2070856449827452,0.7070856449827452,-0.053633058734775696,7.288775301094887,11.518151114932714
expt_gap,cluster,C2,1,rf_distance_hybrid,0.5,3206,802,596,True,1.0,0.4558837916641937,1.0,1.2123432141935657,0.7123432141935657,-0.07985386566069928,7.288775301094887,0.9950124688279302
expt_gap,cluster,C2,2,rf_ensemble_std,0.5,3206,802,596,True,0.9788029925187033,0.47916996776398263,0.9899328859060402,1.1611672179093004,0.6611672179093004,-0.09823950320937812,7.210254438427018,1.0040122885541205
expt_gap,cluster,C2,2,quantile_width,0.5,3206,802,596,True,0.7593516209476309,0.46288505747126435,0.9832214765100671,1.8037372013651878,1.3037372013651878,0.41100744941599027,7.210254438427018,2.4904839572575233
expt_gap,cluster,C2,2,descriptor_distance,0.5,3206,802,596,True,0.2805486284289277,0.4897048457118534,0.0,,,-0.06414505432944138,7.210254438427018,2.1249966598363605
expt_gap,cluster,C2,2,rf_distance_hybrid,0.5,3206,802,596,True,0.9588528678304239,0.48902694155774273,0.1493288590604027,1.5668959344530864,1.0668959344530864,-0.12284799880874696,7.210254438427018,0.8054862842892768
expt_gap,cluster,C3,0,rf_ensemble_std,0.5,1851,465,2288,True,0.47956989247311826,0.4634022520887148,0.270541958041958,0.5704525100996357,0.07045251009963571,0.6775641313248096,11.992477904051476,0.21612627066165005
expt_gap,cluster,C3,0,quantile_width,0.5,1851,465,2288,False,0.0,,0.0,,,0.44042795248781624,11.992477904051476,
expt_gap,cluster,C3,0,descriptor_distance,0.5,1851,465,2288,False,0.0,,0.0,,,0.0037073961535609634,11.992477904051476,
expt_gap,cluster,C3,0,rf_distance_hybrid,0.5,1851,465,2288,True,0.4989247311827957,0.49835218982757307,0.0034965034965034965,0.4462376207299429,-0.053762379270057115,0.6766892348819548,11.992477904051476,0.48709677419354835
expt_gap,cluster,C3,1,rf_ensemble_std,0.5,1852,464,2288,True,0.5991379310344828,0.4949183436365582,0.22377622377622378,0.49365528314494844,-0.006344716855051558,0.5562626529183323,12.096055097115956,0.25459482630932245
expt_gap,cluster,C3,1,quantile_width,0.5,1852,464,2288,True,0.5991379310344828,0.4755360332403488,0.4781468531468531,0.4767554718838795,-0.02324452811612049,0.6612269762721564,12.096055097115956,2.7263111542511873
expt_gap,cluster,C3,1,descriptor_distance,0.5,1852,464,2288,False,0.0,,0.0,,,0.07019932444191257,12.096055097115956,
expt_gap,cluster,C3,1,rf_distance_hybrid,0.5,1852,464,2288,True,0.5193965517241379,0.49169713551790395,0.01486013986013986,0.21968074779309266,-0.28031925220690734,0.5618668156654018,12.096055097115956,0.5118534482758621
expt_gap,cluster,C3,2,rf_ensemble_std,0.5,1853,463,2288,True,0.6393088552915767,0.47496642471725137,0.42045454545454547,0.8495024308874886,0.34950243088748856,0.48127715121567377,12.021107136493821,0.3035686020681232
expt_gap,cluster,C3,2,quantile_width,0.5,1853,463,2288,True,0.5593952483801296,0.4996346518241907,0.4243881118881119,0.3858898525591971,-0.11411014744080289,0.5184614190310448,12.021107136493821,2.5470886066889635
expt_gap,cluster,C3,2,descriptor_distance,0.5,1853,463,2288,False,0.0,,0.0,,,0.08370231782940388,12.021107136493821,
expt_gap,cluster,C3,2,rf_distance_hybrid,0.5,1853,463,2288,True,0.5788336933045356,0.4987653427402497,0.006993006993006993,0.687855915663609,0.18785591566360904,0.47883024059367724,12.021107136493821,0.5442764578833693
log_kvrh,element,O,0,rf_ensemble_std,0.15,7031,1772,2184,True,1.0,0.11020257330615246,1.0,0.24463813269911877,0.09463813269911878,0.019793370059535773,4.486468437196725,0.3383257976704809
log_kvrh,element,O,0,quantile_width,0.15,7031,1772,2184,True,1.0,0.10665057280385713,1.0,0.27448825247780295,0.12448825247780296,-0.040935317295869654,4.486468437196725,1.3760601878747851
log_kvrh,element,O,0,descriptor_distance,0.15,7031,1772,2184,True,1.0,0.10952617604122906,1.0,0.24463813269911877,0.09463813269911878,0.06646300808460609,4.486468437196725,21.63582740746411
log_kvrh,element,O,0,rf_distance_hybrid,0.15,7031,1772,2184,True,1.0,0.10912789332157033,0.9986263736263736,0.24449346287580853,0.09449346287580854,0.03981769391075588,4.486468437196725,0.9779909706546275
log_kvrh,element,O,1,rf_ensemble_std,0.15,7055,1748,2184,True,1.0,0.10837143135265212,0.9990842490842491,0.246790796493119,0.096790796493119,-0.05626323784104115,4.474689412691468,0.25949118950562744
log_kvrh,element,O,1,quantile_width,0.15,7055,1748,2184,True,1.0,0.10432005743993551,1.0,0.27457096189655855,0.12457096189655856,-0.09358443362466416,4.474689412691468,1.298140650307202
log_kvrh,element,O,1,descriptor_distance,0.15,7055,1748,2184,True,1.0,0.10840140498954626,1.0,0.24688124222278685,0.09688124222278685,0.08366032694708207,4.474689412691468,10.462789446261178
log_kvrh,element,O,1,rf_distance_hybrid,0.15,7055,1748,2184,True,1.0,0.1082384271306065,1.0,0.24688124222278685,0.09688124222278685,-0.006372636322536861,4.474689412691468,0.9848398169336384
log_kvrh,element,O,2,rf_ensemble_std,0.15,7037,1766,2184,True,1.0,0.12183518067466396,1.0,0.24375390676664085,0.09375390676664086,-0.05796830910640822,4.475763348032986,0.3005550722067097
log_kvrh,element,O,2,quantile_width,0.15,7037,1766,2184,True,1.0,0.11738734116470301,1.0,0.2761530833192415,0.1261530833192415,-0.016304907788118675,4.475763348032986,1.4015119947625827
log_kvrh,element,O,2,descriptor_distance,0.15,7037,1766,2184,True,1.0,0.12208276344512335,1.0,0.24375390676664085,0.09375390676664086,0.061929701673396495,4.475763348032986,12.339688324973574
log_kvrh,element,O,2,rf_distance_hybrid,0.15,7037,1766,2184,True,1.0,0.12212516997109388,0.9995421245421245,0.2437785096119512,0.0937785096119512,-0.01729229289754168,4.475763348032986,0.9878255945639864
log_kvrh,element,Li,0,rf_ensemble_std,0.15,8058,2022,907,True,1.0,0.12091179360659496,0.9988974641675854,0.15850511669376158,0.008505116693761583,0.24070678537829332,2.726159276031994,0.26932608557240745
log_kvrh,element,Li,0,quantile_width,0.15,8058,2022,907,True,1.0,0.1210284093472286,1.0,0.164810211949524,0.014810211949524005,0.03201855468087161,2.726159276031994,1.4253395133755542
log_kvrh,element,Li,0,descriptor_distance,0.15,8058,2022,907,True,1.0,0.12257856089072769,1.0,0.1593369877771556,0.009336987777155609,0.29132376172414787,2.726159276031994,11.324077797981957
log_kvrh,element,Li,0,rf_distance_hybrid,0.15,8058,2022,907,True,1.0,0.12144302406208936,1.0,0.1593369877771556,0.009336987777155609,0.36214053500344096,2.726159276031994,0.9812067260138477
log_kvrh,element,Li,1,rf_ensemble_std,0.15,8052,2028,907,True,1.0,0.12278787678248451,1.0,0.15585724148863664,0.005857241488636644,0.1233002625364559,2.6515759066229103,0.35548426797791105
log_kvrh,element,Li,1,quantile_width,0.15,8052,2028,907,True,1.0,0.12197306188340488,1.0,0.1648440030790544,0.014844003079054396,0.01340074757864238,2.6515759066229103,1.3434252467765737
log_kvrh,element,Li,1,descriptor_distance,0.15,8052,2028,907,True,1.0,0.12245929257536016,1.0,0.15585724148863664,0.005857241488636644,0.3252476167516356,2.6515759066229103,33.20840212897028
log_kvrh,element,Li,1,rf_distance_hybrid,0.15,8052,2028,907,True,1.0,0.12302567838030552,1.0,0.15585724148863664,0.005857241488636644,0.2814009108548023,2.6515759066229103,0.9869329388560157
log_kvrh,element,Li,2,rf_ensemble_std,0.15,8033,2047,907,True,1.0,0.12879311572264174,1.0,0.15055157552450596,0.000551575524505965,0.06820507347690076,2.670566706368249,0.2853684047280717
log_kvrh,element,Li,2,quantile_width,0.15,8033,2047,907,True,1.0,0.13025891252652416,1.0,0.16737719913910673,0.017377199139106736,0.07665251322605067,2.670566706368249,1.3286298981968523
log_kvrh,element,Li,2,descriptor_distance,0.15,8033,2047,907,True,1.0,0.1275536566803077,1.0,0.15055157552450596,0.000551575524505965,0.2694248708966449,2.670566706368249,22.054636237464454
log_kvrh,element,Li,2,rf_distance_hybrid,0.15,8033,2047,907,True,1.0,0.12890964758404563,1.0,0.15055157552450596,0.000551575524505965,0.21718900897428114,2.670566706368249,0.9914509037616024
log_kvrh,element,Al,0,rf_ensemble_std,0.15,8203,2014,770,True,1.0,0.1222078119026622,1.0,0.09762173481321601,-0.052378265186783984,0.10353705831553044,2.9361220174897857,0.2689384799671631
log_kvrh,element,Al,0,quantile_width,0.15,8203,2014,770,True,1.0,0.1230099828448507,1.0,0.09144297113395831,-0.05855702886604168,0.3285840057233878,2.9361220174897857,1.2282248408750363
log_kvrh,element,Al,0,descriptor_distance,0.15,8203,2014,770,True,1.0,0.1217769920492386,1.0,0.09762173481321601,-0.052378265186783984,-0.03608650686089213,2.9361220174897857,34.584252815567886
log_kvrh,element,Al,0,rf_distance_hybrid,0.15,8203,2014,770,True,1.0,0.12276474362096455,1.0,0.09762173481321601,-0.052378265186783984,0.07341063556507361,2.9361220174897857,0.990317775571003
log_kvrh,element,Al,1,rf_ensemble_std,0.15,8200,2017,770,True,1.0,0.13434659376079483,1.0,0.10239097689296212,-0.04760902310703788,0.2504820674686578,2.8952262648821145,0.2573244216937135
log_kvrh,element,Al,1,quantile_width,0.15,8200,2017,770,True,1.0,0.1291749280223429,1.0,0.09200532661553609,-0.0579946733844639,0.31186446771196624,2.8952262648821145,1.3704509496565163
log_kvrh,element,Al,1,descriptor_distance,0.15,8200,2017,770,True,1.0,0.13273010750480677,1.0,0.10239097689296212,-0.04760902310703788,-0.00261504275546309,2.8952262648821145,13.033132157978194
log_kvrh,element,Al,1,rf_distance_hybrid,0.15,8200,2017,770,True,1.0,0.1332455314821485,1.0,0.10239097689296212,-0.04760902310703788,0.21127066531624414,2.8952262648821145,0.9771938522558254
log_kvrh,element,Al,2,rf_ensemble_std,0.15,8181,2036,770,True,1.0,0.1272903687014373,1.0,0.10384447414152904,-0.04615552585847095,0.164321116598407,2.9271763572105285,0.2784879115423882
log_kvrh,element,Al,2,quantile_width,0.15,8181,2036,770,True,1.0,0.12680698961206788,1.0,0.09422295714217441,-0.05577704285782559,0.3145247449491432,2.9271763572105285,1.2843148127109916
log_kvrh,element,Al,2,descriptor_distance,0.15,8181,2036,770,True,1.0,0.12709344216499188,1.0,0.10384447414152904,-0.04615552585847095,0.009058218511115998,2.9271763572105285,28.171316164144265
log_kvrh,element,Al,2,rf_distance_hybrid,0.15,8181,2036,770,True,1.0,0.12855648982504198,1.0,0.10384447414152904,-0.04615552585847095,0.15026216681659926,2.9271763572105285,0.9825638506876228
log_kvrh,element,Si,0,rf_ensemble_std,0.15,8140,2080,767,True,1.0,0.1278131289660723,1.0,0.1121590484887935,-0.03784095151120649,0.00456254476324772,3.115008505830469,0.2733615577556253
log_kvrh,element,Si,0,quantile_width,0.15,8140,2080,767,True,1.0,0.12978375648083712,1.0,0.10439961109557035,-0.04560038890442965,0.2030844757585178,3.115008505830469,1.284118358299237
log_kvrh,element,Si,0,descriptor_distance,0.15,8140,2080,767,True,1.0,0.12862714052534457,1.0,0.1121590484887935,-0.03784095151120649,0.021391112379918076,3.115008505830469,32.00471252298647
log_kvrh,element,Si,0,rf_distance_hybrid,0.15,8140,2080,767,True,1.0,0.1293195308309831,1.0,0.1121590484887935,-0.03784095151120649,0.022490234078488994,3.115008505830469,0.9622596153846154
log_kvrh,element,Si,1,rf_ensemble_std,0.15,8158,2062,767,True,1.0,0.1330581766691047,1.0,0.11352787427624296,-0.036472125723757035,0.1553683472992765,3.098785540434559,0.38825961708190637
log_kvrh,element,Si,1,quantile_width,0.15,8158,2062,767,True,1.0,0.13246981891461707,1.0,0.10131236295168218,-0.048687637048317814,0.28628221816437016,3.098785540434559,1.346566667333483
log_kvrh,element,Si,1,descriptor_distance,0.15,8158,2062,767,True,1.0,0.13248553938110624,1.0,0.11352787427624296,-0.036472125723757035,0.066734913469098,3.098785540434559,41.61572266731353
log_kvrh,element,Si,1,rf_distance_hybrid,0.15,8158,2062,767,True,1.0,0.13289677659344407,1.0,0.11352787427624296,-0.036472125723757035,0.17323746247930236,3.098785540434559,0.982541222114452
log_kvrh,element,Si,2,rf_ensemble_std,0.15,8154,2066,767,True,1.0,0.1285412081903458,1.0,0.11697901423189423,-0.03302098576810576,0.18473731777944172,3.113563107390224,0.34321918547831404
log_kvrh,element,Si,2,quantile_width,0.15,8154,2066,767,True,1.0,0.1279118869930804,1.0,0.10629159426085803,-0.04370840573914196,0.28467993585585394,3.113563107390224,1.3323203592691677
log_kvrh,element,Si,2,descriptor_distance,0.15,8154,2066,767,True,1.0,0.12825989602900462,1.0,0.11697901423189423,-0.03302098576810576,0.08653100873129846,3.113563107390224,28.623143114393557
log_kvrh,element,Si,2,rf_distance_hybrid,0.15,8154,2066,767,True,1.0,0.12725728373630094,0.9986962190352021,0.1169452967982266,-0.033054703201773394,0.19690550139692353,3.113563107390224,0.9712003872216843
log_kvrh,element,Mg,0,rf_ensemble_std,0.15,8221,2035,731,True,1.0,0.12360034443776362,1.0,0.1422503965085995,-0.007749603491400497,0.32097251225961104,2.9909927332920527,0.30258515975346933
log_kvrh,element,Mg,0,quantile_width,0.15,8221,2035,731,True,1.0,0.12558717087388696,1.0,0.13715887927826267,-0.01284112072173732,-0.0919498734040571,2.9909927332920527,1.3130482258560188
log_kvrh,element,Mg,0,descriptor_distance,0.15,8221,2035,731,True,1.0,0.12391544182147748,1.0,0.1422503965085995,-0.007749603491400497,0.3866471844293806,2.9909927332920527,32.60150251316164
log_kvrh,element,Mg,0,rf_distance_hybrid,0.15,8221,2035,731,True,1.0,0.12305047384762867,1.0,0.1422503965085995,-0.007749603491400497,0.5033876637113796,2.9909927332920527,0.9776412776412776
log_kvrh,element,Mg,1,rf_ensemble_std,0.15,8199,2057,731,True,1.0,0.12275882675708358,1.0,0.14827531352142684,-0.0017246864785731564,0.1584553056178382,3.028465765470659,0.3167426833232606
log_kvrh,element,Mg,1,quantile_width,0.15,8199,2057,731,True,1.0,0.12310944474600258,1.0,0.14559756203681506,-0.00440243796318493,-0.07419964819777851,3.028465765470659,1.278799972607095
log_kvrh,element,Mg,1,descriptor_distance,0.15,8199,2057,731,True,1.0,0.1224522434368825,1.0,0.14827531352142684,-0.0017246864785731564,0.4213356436962342,3.028465765470659,25.14655303377727
log_kvrh,element,Mg,1,rf_distance_hybrid,0.15,8199,2057,731,True,1.0,0.1240725107145549,1.0,0.14827531352142684,-0.0017246864785731564,0.4066996838780615,3.028465765470659,0.9769081186193486
log_kvrh,element,Mg,2,rf_ensemble_std,0.15,8194,2062,731,True,1.0,0.12502227747546127,1.0,0.15138801028911852,0.0013880102891185297,0.3630050261459932,2.9868301265040307,0.3604164787463349
log_kvrh,element,Mg,2,quantile_width,0.15,8194,2062,731,True,1.0,0.12134909164176036,1.0,0.13769917126673273,-0.012300828733267266,-0.11013862766089715,2.9868301265040307,1.5098944027827716
log_kvrh,element,Mg,2,descriptor_distance,0.15,8194,2062,731,True,1.0,0.12482123573617537,1.0,0.15138801028911852,0.0013880102891185297,0.43349859870343016,2.9868301265040307,10.781208623451812
log_kvrh,element,Mg,2,rf_distance_hybrid,0.15,8194,2062,731,True,1.0,0.12403903434112747,1.0,0.15138801028911852,0.0013880102891185297,0.5354057754164333,2.9868301265040307,0.9801163918525704
log_kvrh,element,Cu,0,rf_ensemble_std,0.15,8251,2018,718,True,1.0,0.12029380376558672,1.0,0.1276826910767997,-0.022317308923200302,0.24893059046628305,2.8763803349668002,0.32605962341778855
log_kvrh,element,Cu,0,quantile_width,0.15,8251,2018,718,True,1.0,0.12196514434011167,1.0,0.12343928225767543,-0.02656071774232456,0.2881921064527566,2.8763803349668002,1.340374948675607
log_kvrh,element,Cu,0,descriptor_distance,0.15,8251,2018,718,True,1.0,0.11968039891719946,1.0,0.1276826910767997,-0.022317308923200302,0.1188794572560775,2.8763803349668002,34.4866701697167
log_kvrh,element,Cu,0,rf_distance_hybrid,0.15,8251,2018,718,True,1.0,0.11903343451446174,1.0,0.1276826910767997,-0.022317308923200302,0.26457452414107313,2.8763803349668002,0.9848860257680871
log_kvrh,element,Cu,1,rf_ensemble_std,0.15,8200,2069,718,True,1.0,0.1233155051791635,0.9986072423398329,0.12664634139327363,-0.023353658606726363,0.35576688540441875,2.843456490359829,0.2820886355970899
log_kvrh,element,Cu,1,quantile_width,0.15,8200,2069,718,True,1.0,0.12437407491127513,1.0,0.11814457094231334,-0.03185542905768665,0.26695417677760513,2.843456490359829,1.296819833296607
log_kvrh,element,Cu,1,descriptor_distance,0.15,8200,2069,718,True,1.0,0.12451581087451695,1.0,0.12700180192538196,-0.02299819807461803,0.1334613297783918,2.843456490359829,31.143675944384597
log_kvrh,element,Cu,1,rf_distance_hybrid,0.15,8200,2069,718,True,1.0,0.12306296414453873,1.0,0.12700180192538196,-0.02299819807461803,0.35743266783824557,2.843456490359829,0.9758337361043983
log_kvrh,element,Cu,2,rf_ensemble_std,0.15,8242,2027,718,True,1.0,0.12106983294699875,1.0,0.12232298869236766,-0.027677011307632338,0.3162782267793246,2.843066012453456,0.3444149565367907
log_kvrh,element,Cu,2,quantile_width,0.15,8242,2027,718,True,1.0,0.12421193243217707,1.0,0.12139762796082902,-0.028602372039170973,0.3071361633361837,2.843066012453456,1.3057621667426873
log_kvrh,element,Cu,2,descriptor_distance,0.15,8242,2027,718,True,1.0,0.12084458027469613,1.0,0.12232298869236766,-0.027677011307632338,0.08723340259099262,2.843066012453456,23.136328828256325
log_kvrh,element,Cu,2,rf_distance_hybrid,0.15,8242,2027,718,True,1.0,0.12090825662088749,1.0,0.12232298869236766,-0.027677011307632338,0.2798428536298342,2.843066012453456,0.9738529847064628
log_kvrh,cluster,C1,0,rf_ensemble_std,0.15,8554,2109,324,True,1.0,0.12274516534652805,1.0,0.13704233905536944,-0.01295766094463055,0.33466836356190305,14.269270290374587,0.5059777822705318
log_kvrh,cluster,C1,0,quantile_width,0.15,8554,2109,324,True,1.0,0.11881673741980563,1.0,0.14378611069934868,-0.00621388930065131,0.3994987209577757,14.269270290374587,1.37610515580975
log_kvrh,cluster,C1,0,descriptor_distance,0.15,8554,2109,324,True,1.0,0.12321309512690988,0.6172839506172839,0.10862948648120342,-0.04137051351879657,0.267658277076101,14.269270290374587,21.715765026795356
log_kvrh,cluster,C1,0,rf_distance_hybrid,0.15,8554,2109,324,True,1.0,0.12286657809905155,0.9506172839506173,0.12822141005106233,-0.021778589948937666,0.31916566315292716,14.269270290374587,0.9838786154575628
log_kvrh,cluster,C1,1,rf_ensemble_std,0.15,8509,2154,324,True,1.0,0.1352750237398573,1.0,0.14256601953928036,-0.007433980460719636,0.44152610258360525,14.273573920736414,0.3671900007167209
log_kvrh,cluster,C1,1,quantile_width,0.15,8509,2154,324,True,1.0,0.13434447635827224,1.0,0.14246385955740093,-0.007536140442599065,0.41128163756054187,14.273573920736414,1.2897116172166585
log_kvrh,cluster,C1,1,descriptor_distance,0.15,8509,2154,324,True,1.0,0.13461809396687774,0.6234567901234568,0.11647710657072884,-0.03352289342927116,0.27242355819061564,14.273573920736414,23.20675120882766
log_kvrh,cluster,C1,1,rf_distance_hybrid,0.15,8509,2154,324,True,1.0,0.1353609005881225,0.9938271604938271,0.1419936820908854,-0.008006317909114602,0.4500302571511524,14.273573920736414,0.9928040854224698
log_kvrh,cluster,C1,2,rf_ensemble_std,0.15,8542,2121,324,True,1.0,0.12256211377925662,1.0,0.1461061587733102,-0.003893841226689787,0.4474236925682561,14.53351884848929,0.30661982486136635
log_kvrh,cluster,C1,2,quantile_width,0.15,8542,2121,324,True,1.0,0.12240977368718561,1.0,0.15066781239719448,0.0006678123971944894,0.36786682054677466,14.53351884848929,1.335165749717021
log_kvrh,cluster,C1,2,descriptor_distance,0.15,8542,2121,324,True,1.0,0.12175371653312311,0.7932098765432098,0.1325183021263882,-0.017481697873611785,0.2568135621306963,14.53351884848929,39.82129532486576
log_kvrh,cluster,C1,2,rf_distance_hybrid,0.15,8542,2121,324,True,1.0,0.12197196135173907,0.9259259259259259,0.12513600449079074,-0.024863995509209258,0.44192515714432734,14.53351884848929,0.9693540782649693
log_kvrh,cluster,C2,0,rf_ensemble_std,0.15,921,222,9844,True,0.7972972972972973,0.1476548951467934,0.7524380333197888,0.26176905696293623,0.11176905696293624,0.25066900577839424,8.761527727112476,0.10390982376240156
log_kvrh,cluster,C2,0,quantile_width,0.15,921,222,9844,True,0.6171171171171171,0.14446113008546843,0.5912230800487607,0.25761837157486844,0.10761837157486845,0.09134761214578253,8.761527727112476,0.5714700645436139
log_kvrh,cluster,C2,0,descriptor_distance,0.15,921,222,9844,False,0.0,,0.0,,,0.053164186288056206,8.761527727112476,
log_kvrh,cluster,C2,0,rf_distance_hybrid,0.15,921,222,9844,True,0.6396396396396397,0.14404562594912143,0.13023161316537993,0.2225629062626636,0.0725629062626636,0.22048069866991418,8.761527727112476,0.5698198198198199
log_kvrh,cluster,C2,1,rf_ensemble_std,0.15,911,232,9844,True,0.2025862068965517,0.11125106690755403,0.09447379114181227,0.20100519171661402,0.05100519171661402,0.2904916046743314,8.83187659298714,0.03491482499099382
log_kvrh,cluster,C2,1,quantile_width,0.15,911,232,9844,True,0.25862068965517243,0.14855280368516494,0.03159284843559529,0.24706309542938248,0.09706309542938249,0.029695630407994396,8.83187659298714,0.3252796016086337
log_kvrh,cluster,C2,1,descriptor_distance,0.15,911,232,9844,False,0.0,,0.0,,,0.08506098584455747,8.83187659298714,
log_kvrh,cluster,C2,1,rf_distance_hybrid,0.15,911,232,9844,False,0.0,,0.0,,,0.26896223718683726,8.83187659298714,
log_kvrh,cluster,C2,2,rf_ensemble_std,0.15,919,224,9844,True,0.4375,0.14484169948637743,0.4355952864689151,0.2850547971080343,0.13505479710803428,0.010941339984696985,8.775959215528758,0.04836976124201824
log_kvrh,cluster,C2,2,quantile_width,0.15,919,224,9844,False,0.0,,0.0,,,0.019816511669433937,8.775959215528758,
log_kvrh,cluster,C2,2,descriptor_distance,0.15,919,224,9844,False,0.0,,0.0,,,0.08045885537789112,8.775959215528758,
log_kvrh,cluster,C2,2,rf_distance_hybrid,0.15,919,224,9844,False,0.0,,0.0,,,0.0407909751189016,8.775959215528758,
log_kvrh,cluster,C3,0,rf_ensemble_std,0.15,8336,2050,601,True,1.0,0.12109885844273648,1.0,0.2760670819810028,0.12606708198100283,0.1934723424680998,15.381641039660533,0.262065022854016
log_kvrh,cluster,C3,0,quantile_width,0.15,8336,2050,601,True,1.0,0.11541504676934711,1.0,0.29722007241508236,0.14722007241508236,0.07986792179215751,15.381641039660533,1.2262563773182777
log_kvrh,cluster,C3,0,descriptor_distance,0.15,8336,2050,601,True,1.0,0.12000725053113448,0.961730449251248,0.2537108460737796,0.10371084607377959,0.2309599412139156,15.381641039660533,22.41476464842364
log_kvrh,cluster,C3,0,rf_distance_hybrid,0.15,8336,2050,601,True,1.0,0.12076360677018035,0.908485856905158,0.2692590181258784,0.11925901812587839,0.2088396163350012,15.381641039660533,0.9897560975609756
log_kvrh,cluster,C3,1,rf_ensemble_std,0.15,8270,2116,601,True,1.0,0.12276284981455574,0.9750415973377704,0.26949493026178795,0.11949493026178795,0.09080815607635877,16.704104439210795,0.34609487677686046
log_kvrh,cluster,C3,1,quantile_width,0.15,8270,2116,601,True,1.0,0.12204254184719156,1.0,0.2921043995247807,0.14210439952478068,0.1229218545959464,16.704104439210795,1.3640069779398443
log_kvrh,cluster,C3,1,descriptor_distance,0.15,8270,2116,601,True,1.0,0.1241615461906994,0.9950083194675541,0.2637479218406056,0.11374792184060559,0.2258026012290347,16.704104439210795,31.508612057938294
log_kvrh,cluster,C3,1,rf_distance_hybrid,0.15,8270,2116,601,True,1.0,0.12403021310065386,0.9184692179700499,0.263847263721736,0.11384726372173601,0.09470840210565228,16.704104439210795,0.9936200378071833
log_kvrh,cluster,C3,2,rf_ensemble_std,0.15,8285,2101,601,True,1.0,0.11753472956170151,1.0,0.2791198914263298,0.12911989142632982,0.16543819473826468,16.253094367459788,0.2953766894290161
log_kvrh,cluster,C3,2,quantile_width,0.15,8285,2101,601,True,1.0,0.11549675692349001,1.0,0.2884759722831449,0.13847597228314493,0.13360949352587986,16.253094367459788,1.2893607978013182
log_kvrh,cluster,C3,2,descriptor_distance,0.15,8285,2101,601,True,1.0,0.11920761468069713,0.9467554076539102,0.251846177081837,0.10184617708183699,0.22838566597498602,16.253094367459788,23.265654447134338
log_kvrh,cluster,C3,2,rf_distance_hybrid,0.15,8285,2101,601,True,1.0,0.11798683370012407,0.9284525790349417,0.2812615673625044,0.1312615673625044,0.1510029967815769,16.253094367459788,0.9900047596382675
